USE [MuniLKDbGLPSolutions]
GO
INSERT [dbo].[AspNetRoles] ([Id], [Name], [NormalizedName], [ConcurrencyStamp]) VALUES (N'06db2449-4ce6-488d-9141-f58b38ea7233', N'Inspector', N'INSPECTOR', NULL)
GO
INSERT [dbo].[AspNetRoles] ([Id], [Name], [NormalizedName], [ConcurrencyStamp]) VALUES (N'12a394a1-ed3a-4c26-8444-1501422ef9e7', N'SuperAdmin', N'SUPERADMIN', NULL)
GO
INSERT [dbo].[AspNetRoles] ([Id], [Name], [NormalizedName], [ConcurrencyStamp]) VALUES (N'1dad95cf-dcf2-4645-bccc-0e11ddfe1793', N'Citizen', N'CITIZEN', NULL)
GO
INSERT [dbo].[AspNetRoles] ([Id], [Name], [NormalizedName], [ConcurrencyStamp]) VALUES (N'b3583616-acc8-460d-82fb-f1dcdbb1dc66', N'Auditor', N'AUDITOR', NULL)
GO
INSERT [dbo].[AspNetRoles] ([Id], [Name], [NormalizedName], [ConcurrencyStamp]) VALUES (N'c4882070-0041-4f25-8a93-7c6c0f754526', N'Officer', N'OFFICER', NULL)
GO
INSERT [dbo].[AspNetRoles] ([Id], [Name], [NormalizedName], [ConcurrencyStamp]) VALUES (N'f2cd7691-6bea-4db1-9fa3-9281aabe5d01', N'Admin', N'ADMIN', NULL)
GO
INSERT [dbo].[AspNetUsers] ([Id], [UserName], [NormalizedUserName], [Email], [NormalizedEmail], [EmailConfirmed], [PasswordHash], [SecurityStamp], [ConcurrencyStamp], [PhoneNumber], [PhoneNumberConfirmed], [TwoFactorEnabled], [LockoutEnd], [LockoutEnabled], [AccessFailedCount]) VALUES (N'3519250b-d3ef-4ef5-b3b1-6a567536435f', N'nuwanp', N'NUWANP', N'nuwan.perera@example.com', N'NUWAN.PERERA@EXAMPLE.COM', 0, N'AQAAAAIAAYagAAAAEAmuQm1U8oxtvlccuhRyuHgVTqCvIaOME6KsTtxz7vwMCDAKh1fQSkUZMS9kHg/8pQ==', N'Q4IMIFOXKLJN5LTNCO3NC6GJHS7CSLAF', N'63f75bbd-c1aa-48a3-b1af-1beca210ad8b', NULL, 0, 0, NULL, 1, 0)
GO
INSERT [dbo].[AspNetUsers] ([Id], [UserName], [NormalizedUserName], [Email], [NormalizedEmail], [EmailConfirmed], [PasswordHash], [SecurityStamp], [ConcurrencyStamp], [PhoneNumber], [PhoneNumberConfirmed], [TwoFactorEnabled], [LockoutEnd], [LockoutEnabled], [AccessFailedCount]) VALUES (N'4ba338c0-6267-4fb6-9918-b10d8eeb41f7', N'test', N'TEST', N'test@gail.cpm', N'TEST@GAIL.CPM', 0, N'AQAAAAIAAYagAAAAELCXhGhw2zNc+6OFJQKRw0PTJ+/IWG0hT/QRCBqqjQiJEgspvuVHkDXkQ/sZUAv0zg==', N'DFWDFZVAMZ5JYSX47OPH5WT7ZNN6GIPP', N'904f44c6-5f7d-41d2-872a-3c24c895fd0a', NULL, 0, 0, NULL, 1, 0)
GO
INSERT [dbo].[AspNetUsers] ([Id], [UserName], [NormalizedUserName], [Email], [NormalizedEmail], [EmailConfirmed], [PasswordHash], [SecurityStamp], [ConcurrencyStamp], [PhoneNumber], [PhoneNumberConfirmed], [TwoFactorEnabled], [LockoutEnd], [LockoutEnabled], [AccessFailedCount]) VALUES (N'53770b65-73a5-4a19-9c21-ef8672c7f45d', N'tharushif', N'THARUSHIF', N'tharushi.fernando@example.com', N'THARUSHI.FERNANDO@EXAMPLE.COM', 0, N'AQAAAAIAAYagAAAAEEL8+ahq5sGBxMlpKihzuWatl5+NZkWnVHlxoss69N7KUmEo+vNhvIm02KamZgRVwQ==', N'CMKOPHBAAHNQCUZO25YTOZZ2JBV7MLVD', N'7177b03f-3872-42c7-95d9-c0f56d6c78c7', NULL, 0, 0, NULL, 1, 0)
GO
INSERT [dbo].[AspNetUsers] ([Id], [UserName], [NormalizedUserName], [Email], [NormalizedEmail], [EmailConfirmed], [PasswordHash], [SecurityStamp], [ConcurrencyStamp], [PhoneNumber], [PhoneNumberConfirmed], [TwoFactorEnabled], [LockoutEnd], [LockoutEnabled], [AccessFailedCount]) VALUES (N'9fbf7b31-238e-4ffb-b748-b3a5404a4ca9', N'avery', N'AVERY', N'avery@gmail.com', N'AVERY@GMAIL.COM', 0, N'AQAAAAIAAYagAAAAEGX6eMBbf6XhCElMMxltw1xQRoSvx+1zrwac87EGDNRK6/s40kda2Hf0c1pEblsGZw==', N'Z2ZYSEIJTAOYGNK2DDIWS52TEFM64PU2', N'9a201b2b-035c-450c-a5f6-2d77d3b5922d', NULL, 0, 0, NULL, 1, 0)
GO
INSERT [dbo].[AspNetUsers] ([Id], [UserName], [NormalizedUserName], [Email], [NormalizedEmail], [EmailConfirmed], [PasswordHash], [SecurityStamp], [ConcurrencyStamp], [PhoneNumber], [PhoneNumberConfirmed], [TwoFactorEnabled], [LockoutEnd], [LockoutEnabled], [AccessFailedCount]) VALUES (N'b9a46ee5-8ae5-43cd-95a5-86932f6f3ae3', N'amilds', N'AMILDS', N'amila.silva@example.com', N'AMILA.SILVA@EXAMPLE.COM', 0, N'AQAAAAIAAYagAAAAEPOKAPhaZdFQmQpqghUJTZGO5pGgQU/kpUa+XTjLHvnMVHRBJU1YIjbcSPfq1stgKw==', N'RMUFPSV7ZWZ3TQNPWAM3752YTZGTSVWB', N'88b2d5c5-32bd-4870-9669-1fe6bb03c61c', NULL, 0, 0, NULL, 1, 0)
GO
INSERT [dbo].[AspNetUsers] ([Id], [UserName], [NormalizedUserName], [Email], [NormalizedEmail], [EmailConfirmed], [PasswordHash], [SecurityStamp], [ConcurrencyStamp], [PhoneNumber], [PhoneNumberConfirmed], [TwoFactorEnabled], [LockoutEnd], [LockoutEnabled], [AccessFailedCount]) VALUES (N'c11cce6b-86bc-42b1-9dfd-2789d275840a', N'hansi', N'HANSI', N'hansi@gmail.com', N'HANSI@GMAIL.COM', 0, N'AQAAAAIAAYagAAAAEErvVBVRHTdox1To4t6Hid3aF9vHOLbrwWkwVVWd84HMPvzp868q30GLYfJJWxsT0Q==', N'T3FNJPKNNQIDWXOLW3GQ7QJATWCUW2VO', N'110f0fb8-3adc-4a31-a466-5d25f33f7d36', NULL, 0, 0, NULL, 1, 0)
GO
INSERT [dbo].[AspNetUsers] ([Id], [UserName], [NormalizedUserName], [Email], [NormalizedEmail], [EmailConfirmed], [PasswordHash], [SecurityStamp], [ConcurrencyStamp], [PhoneNumber], [PhoneNumberConfirmed], [TwoFactorEnabled], [LockoutEnd], [LockoutEnabled], [AccessFailedCount]) VALUES (N'df084cc7-9aa1-436c-b8ba-768a22b2dbcb', N'kavishka', N'KAVISHKA', N'kavishka.subashana@example.com', N'KAVISHKA.SUBASHANA@EXAMPLE.COM', 0, N'AQAAAAIAAYagAAAAEKaoD8gnaen95AnVVAq8rwxMdbU+Fx0Tvb6fOO52r/cSdQjOpGn/7bEKbrF/8XZNiw==', N'D4CNUQ7BUEHHWFJSBW7RPMYZT7T5BSIQ', N'52d3a53d-52fe-44f0-8a42-d7866dbb3037', NULL, 0, 0, NULL, 1, 0)
GO
INSERT [dbo].[AspNetUserRoles] ([UserId], [RoleId]) VALUES (N'4ba338c0-6267-4fb6-9918-b10d8eeb41f7', N'06db2449-4ce6-488d-9141-f58b38ea7233')
GO
INSERT [dbo].[AspNetUserRoles] ([UserId], [RoleId]) VALUES (N'53770b65-73a5-4a19-9c21-ef8672c7f45d', N'06db2449-4ce6-488d-9141-f58b38ea7233')
GO
INSERT [dbo].[AspNetUserRoles] ([UserId], [RoleId]) VALUES (N'b9a46ee5-8ae5-43cd-95a5-86932f6f3ae3', N'06db2449-4ce6-488d-9141-f58b38ea7233')
GO
INSERT [dbo].[AspNetUserRoles] ([UserId], [RoleId]) VALUES (N'c11cce6b-86bc-42b1-9dfd-2789d275840a', N'06db2449-4ce6-488d-9141-f58b38ea7233')
GO
INSERT [dbo].[AspNetUserRoles] ([UserId], [RoleId]) VALUES (N'df084cc7-9aa1-436c-b8ba-768a22b2dbcb', N'12a394a1-ed3a-4c26-8444-1501422ef9e7')
GO
SET IDENTITY_INSERT [dbo].[AspNetUserClaims] ON 
GO
INSERT [dbo].[AspNetUserClaims] ([Id], [UserId], [ClaimType], [ClaimValue]) VALUES (1, N'df084cc7-9aa1-436c-b8ba-768a22b2dbcb', N'TenantId', N'0FEDAC8F-6DB9-4852-B2D8-9181C94F3BEA')
GO
INSERT [dbo].[AspNetUserClaims] ([Id], [UserId], [ClaimType], [ClaimValue]) VALUES (2, N'3519250b-d3ef-4ef5-b3b1-6a567536435f', N'TenantId', N'0FEDAC8F-6DB9-4852-B2D8-9181C94F3BEA')
GO
INSERT [dbo].[AspNetUserClaims] ([Id], [UserId], [ClaimType], [ClaimValue]) VALUES (5, N'b9a46ee5-8ae5-43cd-95a5-86932f6f3ae3', N'TenantId', N'0FEDAC8F-6DB9-4852-B2D8-9181C94F3BEA')
GO
INSERT [dbo].[AspNetUserClaims] ([Id], [UserId], [ClaimType], [ClaimValue]) VALUES (6, N'53770b65-73a5-4a19-9c21-ef8672c7f45d', N'TenantId', N'0FEDAC8F-6DB9-4852-B2D8-9181C94F3BEA')
GO
INSERT [dbo].[AspNetUserClaims] ([Id], [UserId], [ClaimType], [ClaimValue]) VALUES (7, N'9fbf7b31-238e-4ffb-b748-b3a5404a4ca9', N'TenantId', N'0fedac8f-6db9-4852-b2d8-9181c94f3bea')
GO
INSERT [dbo].[AspNetUserClaims] ([Id], [UserId], [ClaimType], [ClaimValue]) VALUES (8, N'c11cce6b-86bc-42b1-9dfd-2789d275840a', N'TenantId', N'bde2f8e2-dbf9-4696-a5da-4df0d3bd651d')
GO
INSERT [dbo].[AspNetUserClaims] ([Id], [UserId], [ClaimType], [ClaimValue]) VALUES (14, N'4ba338c0-6267-4fb6-9918-b10d8eeb41f7', N'TenantId', N'0fedac8f-6db9-4852-b2d8-9181c94f3bea')
GO
SET IDENTITY_INSERT [dbo].[AspNetUserClaims] OFF
GO
INSERT [dbo].[Contacts] ([Id], [TenantId], [FullName], [NIC], [Email], [PhoneNumber], [AddressLine1], [AddressLine2], [City], [District], [Province], [PostalCode], [IsActive], [CreatedAt], [UpdatedAt]) VALUES (N'6bcc056f-0722-4b75-9cb7-027fe37dc208', N'0fedac8f-6db9-4852-b2d8-9181c94f3bea', N'avery ho', N'234235235V', N'sasith76@gmail.com', N'423423423', N'afasf', N'', N'', N'Matara District (මාතර දිස්ත්‍රික්කය)', N'Southern Province (දකුණු පළාත)', N'2424', 1, CAST(N'2025-10-31T12:13:59.2055481' AS DateTime2), NULL)
GO
INSERT [dbo].[Contacts] ([Id], [TenantId], [FullName], [NIC], [Email], [PhoneNumber], [AddressLine1], [AddressLine2], [City], [District], [Province], [PostalCode], [IsActive], [CreatedAt], [UpdatedAt]) VALUES (N'23a51e46-2cf4-4fd6-bbe4-262b96ee6705', N'0fedac8f-6db9-4852-b2d8-9181c94f3bea', N'Kavishka Subashana', N'46234', N'kavishkasubashana14@gmail.com', N'0715835875', N'225/1, Dambawela Road, Gurudeniya', N'', N'Kandy', N'', N'Biliran', N'20189', 1, CAST(N'2025-10-18T06:50:24.8616085' AS DateTime2), NULL)
GO
INSERT [dbo].[Contacts] ([Id], [TenantId], [FullName], [NIC], [Email], [PhoneNumber], [AddressLine1], [AddressLine2], [City], [District], [Province], [PostalCode], [IsActive], [CreatedAt], [UpdatedAt]) VALUES (N'c11cce6b-86bc-42b1-9dfd-2789d275840a', N'bde2f8e2-dbf9-4696-a5da-4df0d3bd651d', N'Hansi Tharuka', N'', N'hansi@gmail.com', N'', N'', N'', N'', N'', N'', N'', 1, CAST(N'2025-10-31T10:54:42.9126818' AS DateTime2), NULL)
GO
INSERT [dbo].[Contacts] ([Id], [TenantId], [FullName], [NIC], [Email], [PhoneNumber], [AddressLine1], [AddressLine2], [City], [District], [Province], [PostalCode], [IsActive], [CreatedAt], [UpdatedAt]) VALUES (N'3519250b-d3ef-4ef5-b3b1-6a567536435f', N'0fedac8f-6db9-4852-b2d8-9181c94f3bea', N'Nuwan Perera', N'199023456789', N'nuwan.perera@example.com', N'+94772123456', N'45/3, Lake Road', N'Pannipitiya', N'Pannipitiya', N'Colombo', N'Western Province', N'10230', 1, CAST(N'2025-10-18T02:58:13.6820010' AS DateTime2), NULL)
GO
INSERT [dbo].[Contacts] ([Id], [TenantId], [FullName], [NIC], [Email], [PhoneNumber], [AddressLine1], [AddressLine2], [City], [District], [Province], [PostalCode], [IsActive], [CreatedAt], [UpdatedAt]) VALUES (N'df084cc7-9aa1-436c-b8ba-768a22b2dbcb', N'0fedac8f-6db9-4852-b2d8-9181c94f3bea', N'Kavishka Subashana', N'200012345678', N'kavishka.subashana@example.com', N'+94771234567', N'No. 25, Main Street', N'Kurunegala', N'Kurunegala', N'Kurunegala', N'North Western Province', N'60000', 1, CAST(N'2025-10-17T04:27:45.1704976' AS DateTime2), NULL)
GO
INSERT [dbo].[Contacts] ([Id], [TenantId], [FullName], [NIC], [Email], [PhoneNumber], [AddressLine1], [AddressLine2], [City], [District], [Province], [PostalCode], [IsActive], [CreatedAt], [UpdatedAt]) VALUES (N'b9a46ee5-8ae5-43cd-95a5-86932f6f3ae3', N'0fedac8f-6db9-4852-b2d8-9181c94f3bea', N'Amila D. Silva', N'198734567890', N'amila.silva@example.com', N'+94771234568', N'23/1, Temple Lane', N'Nugegoda', N'Nugegoda', N'Colombo', N'Western Province', N'10250', 1, CAST(N'2025-10-18T16:17:52.7475412' AS DateTime2), NULL)
GO
INSERT [dbo].[Contacts] ([Id], [TenantId], [FullName], [NIC], [Email], [PhoneNumber], [AddressLine1], [AddressLine2], [City], [District], [Province], [PostalCode], [IsActive], [CreatedAt], [UpdatedAt]) VALUES (N'3e238408-5563-49bd-bb7e-a1ca30a5339a', N'0fedac8f-6db9-4852-b2d8-9181c94f3bea', N'Kaveesha Deshan', N'4234234V', N'sasith726@gmail.com', N'0715966439', N'132, Derana, Polgollawatta, Polgolla.', N'', N'Kandy', N'', N'', N'20250', 1, CAST(N'2025-10-27T12:07:18.0242328' AS DateTime2), NULL)
GO
INSERT [dbo].[Contacts] ([Id], [TenantId], [FullName], [NIC], [Email], [PhoneNumber], [AddressLine1], [AddressLine2], [City], [District], [Province], [PostalCode], [IsActive], [CreatedAt], [UpdatedAt]) VALUES (N'4ba338c0-6267-4fb6-9918-b10d8eeb41f7', N'0fedac8f-6db9-4852-b2d8-9181c94f3bea', N'test ss', N'tasf4325423', N'test@gail.cpm', N'23523523', N'tesat', N'asfasf', N'sdagds', N'Matale District (මාතලේ දිස්ත්‍රික්කය)', N'Central Province (මධ්‍යම පළාත)', N'afa', 1, CAST(N'2025-11-07T11:10:14.6789040' AS DateTime2), NULL)
GO
INSERT [dbo].[Contacts] ([Id], [TenantId], [FullName], [NIC], [Email], [PhoneNumber], [AddressLine1], [AddressLine2], [City], [District], [Province], [PostalCode], [IsActive], [CreatedAt], [UpdatedAt]) VALUES (N'9fbf7b31-238e-4ffb-b748-b3a5404a4ca9', N'0fedac8f-6db9-4852-b2d8-9181c94f3bea', N'Avery Howard', N'9141294V', N'avery@gmail.com', N'0713412343', N'test address', N'', N'Kandy', N'Kandy District (මහනුවර දිස්ත්‍රික්කය)', N'Central Province (මධ්‍යම පළාත)', N't200', 1, CAST(N'2025-10-31T10:35:13.6216169' AS DateTime2), NULL)
GO
INSERT [dbo].[Contacts] ([Id], [TenantId], [FullName], [NIC], [Email], [PhoneNumber], [AddressLine1], [AddressLine2], [City], [District], [Province], [PostalCode], [IsActive], [CreatedAt], [UpdatedAt]) VALUES (N'53770b65-73a5-4a19-9c21-ef8672c7f45d', N'0fedac8f-6db9-4852-b2d8-9181c94f3bea', N'Tharushi Fernando', N'199823456789', N'tharushi.fernando@example.com', N'+94760456789', N'12/7, Palm Garden', N'Moratuwa', N'Moratuwa', N'Colombo', N'Western Province', N'10400', 1, CAST(N'2025-10-18T16:18:20.5628370' AS DateTime2), NULL)
GO
INSERT [dbo].[Users] ([Id], [TenantId], [Username], [Email], [ContactId], [IsActive], [CreatedAt], [UpdatedAt]) VALUES (N'6bcc056f-0722-4b75-9cb7-027fe37dc208', N'0fedac8f-6db9-4852-b2d8-9181c94f3bea', N'avery1', N'sasith76@gmail.com', N'6bcc056f-0722-4b75-9cb7-027fe37dc208', 1, CAST(N'2025-10-31T12:13:59.2369483' AS DateTime2), NULL)
GO
INSERT [dbo].[Users] ([Id], [TenantId], [Username], [Email], [ContactId], [IsActive], [CreatedAt], [UpdatedAt]) VALUES (N'c11cce6b-86bc-42b1-9dfd-2789d275840a', N'0fedac8f-6db9-4852-b2d8-9181c94f3bea', N'hansi', N'hansi@gmail.com', N'c11cce6b-86bc-42b1-9dfd-2789d275840a', 1, CAST(N'2025-10-31T10:54:42.9464592' AS DateTime2), NULL)
GO
INSERT [dbo].[Users] ([Id], [TenantId], [Username], [Email], [ContactId], [IsActive], [CreatedAt], [UpdatedAt]) VALUES (N'3519250b-d3ef-4ef5-b3b1-6a567536435f', N'0fedac8f-6db9-4852-b2d8-9181c94f3bea', N'nuwanp', N'nuwan.perera@example.com', N'3519250b-d3ef-4ef5-b3b1-6a567536435f', 1, CAST(N'2025-10-18T02:58:14.0457072' AS DateTime2), NULL)
GO
INSERT [dbo].[Users] ([Id], [TenantId], [Username], [Email], [ContactId], [IsActive], [CreatedAt], [UpdatedAt]) VALUES (N'df084cc7-9aa1-436c-b8ba-768a22b2dbcb', N'0fedac8f-6db9-4852-b2d8-9181c94f3bea', N'kavishka', N'kavishka.subashana@example.com', N'df084cc7-9aa1-436c-b8ba-768a22b2dbcb', 1, CAST(N'2025-10-17T04:27:45.5980788' AS DateTime2), NULL)
GO
INSERT [dbo].[Users] ([Id], [TenantId], [Username], [Email], [ContactId], [IsActive], [CreatedAt], [UpdatedAt]) VALUES (N'b9a46ee5-8ae5-43cd-95a5-86932f6f3ae3', N'0fedac8f-6db9-4852-b2d8-9181c94f3bea', N'amilds', N'amila.silva@example.com', N'b9a46ee5-8ae5-43cd-95a5-86932f6f3ae3', 1, CAST(N'2025-10-18T16:17:52.7478097' AS DateTime2), NULL)
GO
INSERT [dbo].[Users] ([Id], [TenantId], [Username], [Email], [ContactId], [IsActive], [CreatedAt], [UpdatedAt]) VALUES (N'4ba338c0-6267-4fb6-9918-b10d8eeb41f7', N'0fedac8f-6db9-4852-b2d8-9181c94f3bea', N'test', N'test@gail.cpm', N'4ba338c0-6267-4fb6-9918-b10d8eeb41f7', 1, CAST(N'2025-11-07T11:10:14.7137270' AS DateTime2), NULL)
GO
INSERT [dbo].[Users] ([Id], [TenantId], [Username], [Email], [ContactId], [IsActive], [CreatedAt], [UpdatedAt]) VALUES (N'9fbf7b31-238e-4ffb-b748-b3a5404a4ca9', N'0fedac8f-6db9-4852-b2d8-9181c94f3bea', N'avery', N'avery@gmail.com', N'9fbf7b31-238e-4ffb-b748-b3a5404a4ca9', 1, CAST(N'2025-10-31T10:35:13.6564127' AS DateTime2), NULL)
GO
INSERT [dbo].[Users] ([Id], [TenantId], [Username], [Email], [ContactId], [IsActive], [CreatedAt], [UpdatedAt]) VALUES (N'53770b65-73a5-4a19-9c21-ef8672c7f45d', N'0fedac8f-6db9-4852-b2d8-9181c94f3bea', N'tharushif', N'tharushi.fernando@example.com', N'53770b65-73a5-4a19-9c21-ef8672c7f45d', 1, CAST(N'2025-10-18T16:18:20.5631033' AS DateTime2), NULL)
GO
INSERT [dbo].[LookupCategories] ([Id], [Name], [DisplayName], [Description], [Order], [TenantId], [IsActive], [CreatedDate], [CreatedBy]) VALUES (N'731ad210-b4f4-40bb-9f84-0a80d400fcfc', N'ClearanceTypes', N'Clearance Types', N'Clearance Types for a building and planning application', 9, N'00000000-0000-0000-0000-000000000001', 1, CAST(N'2025-10-23T03:23:34.3805910' AS DateTime2), N'0fedac8f-6db9-4852-b2d8-9181c94f3bea')
GO
INSERT [dbo].[LookupCategories] ([Id], [Name], [DisplayName], [Description], [Order], [TenantId], [IsActive], [CreatedDate], [CreatedBy]) VALUES (N'8aa6aa1d-878a-42db-81eb-1e9e906cfc78', N'Provinces', N'Provinces (පළාත)', N'all provinces in Sri Lanka for administrative and regional classification', 9, N'00000000-0000-0000-0000-000000000001', 1, CAST(N'2025-10-30T09:27:01.6222772' AS DateTime2), N'df084cc7-9aa1-436c-b8ba-768a22b2dbcb')
GO
INSERT [dbo].[LookupCategories] ([Id], [Name], [DisplayName], [Description], [Order], [TenantId], [IsActive], [CreatedDate], [CreatedBy]) VALUES (N'57a9c82e-dd1b-4cdc-9522-2953bf2644bb', N'PlanningReviewDocuments', N'Planning Review Documents', N'Planning Review Documents.', 0, N'00000000-0000-0000-0000-000000000001', 1, CAST(N'2025-11-13T02:02:11.1302005' AS DateTime2), N'df084cc7-9aa1-436c-b8ba-768a22b2dbcb')
GO
INSERT [dbo].[LookupCategories] ([Id], [Name], [DisplayName], [Description], [Order], [TenantId], [IsActive], [CreatedDate], [CreatedBy]) VALUES (N'd92f10aa-14e1-4a95-a69d-2dbb16a743b1', N'InspectionReports', N'Inspection Reports', N'Lookup category for inspection report types.', 0, N'00000000-0000-0000-0000-000000000001', 1, CAST(N'2025-11-11T12:18:34.4932322' AS DateTime2), N'df084cc7-9aa1-436c-b8ba-768a22b2dbcb')
GO
INSERT [dbo].[LookupCategories] ([Id], [Name], [DisplayName], [Description], [Order], [TenantId], [IsActive], [CreatedDate], [CreatedBy]) VALUES (N'5ebfc638-cd78-4b54-b6eb-3f3c52d7cfab', N'PropertyTypes', N'Property Types', N'Application Main Property Types', 2, N'00000000-0000-0000-0000-000000000001', 1, CAST(N'2025-10-18T05:08:13.7690528' AS DateTime2), N'0fedac8f-6db9-4852-b2d8-9181c94f3bea')
GO
INSERT [dbo].[LookupCategories] ([Id], [Name], [DisplayName], [Description], [Order], [TenantId], [IsActive], [CreatedDate], [CreatedBy]) VALUES (N'a6258045-6e56-42e6-9fbb-4d56ebfb5c21', N'Districts', N'Districts (දිස්ත්‍රික්කය)', N'all Districts in Sri Lanka for administrative and regional classification', 9, N'00000000-0000-0000-0000-000000000001', 1, CAST(N'2025-10-30T09:28:44.2223765' AS DateTime2), N'df084cc7-9aa1-436c-b8ba-768a22b2dbcb')
GO
INSERT [dbo].[LookupCategories] ([Id], [Name], [DisplayName], [Description], [Order], [TenantId], [IsActive], [CreatedDate], [CreatedBy]) VALUES (N'2adc9b4a-a290-4df2-a935-78df48ac316a', N'PropertyOwnershipType', N'Property Ownership Type', N'Property Ownership Type', 5, N'00000000-0000-0000-0000-000000000001', 1, CAST(N'2025-10-18T05:09:01.9880793' AS DateTime2), N'0fedac8f-6db9-4852-b2d8-9181c94f3bea')
GO
INSERT [dbo].[LookupCategories] ([Id], [Name], [DisplayName], [Description], [Order], [TenantId], [IsActive], [CreatedDate], [CreatedBy]) VALUES (N'bdca3424-c6a9-4306-a3ab-8225c5cad49e', N'RoadAccessType', N'RoadAccess Type', N'RoadAccess Type', 7, N'00000000-0000-0000-0000-000000000001', 1, CAST(N'2025-10-18T05:09:31.8019971' AS DateTime2), N'0fedac8f-6db9-4852-b2d8-9181c94f3bea')
GO
INSERT [dbo].[LookupCategories] ([Id], [Name], [DisplayName], [Description], [Order], [TenantId], [IsActive], [CreatedDate], [CreatedBy]) VALUES (N'690ef4fe-c11a-495a-b4d5-9b919634f285', N'ElectoralDivision', N'Electoral Division', N'Electoral Division', 9, N'00000000-0000-0000-0000-000000000001', 1, CAST(N'2025-10-18T05:09:57.3367971' AS DateTime2), N'0fedac8f-6db9-4852-b2d8-9181c94f3bea')
GO
INSERT [dbo].[LookupCategories] ([Id], [Name], [DisplayName], [Description], [Order], [TenantId], [IsActive], [CreatedDate], [CreatedBy]) VALUES (N'72a18e0a-171f-4e82-8108-a32231ed8ed5', N'DocumentType', N'Document Types', N'Application Main Document Types', 1, N'00000000-0000-0000-0000-000000000001', 1, CAST(N'2025-10-18T03:04:17.1339283' AS DateTime2), N'0fedac8f-6db9-4852-b2d8-9181c94f3bea')
GO
INSERT [dbo].[LookupCategories] ([Id], [Name], [DisplayName], [Description], [Order], [TenantId], [IsActive], [CreatedDate], [CreatedBy]) VALUES (N'9217155c-b165-4165-80ce-a4df50622035', N'LandExtentUnit', N'LandExtentUnit', N'LandExtentUnit', 4, N'00000000-0000-0000-0000-000000000001', 1, CAST(N'2025-10-18T05:08:46.0995705' AS DateTime2), N'0fedac8f-6db9-4852-b2d8-9181c94f3bea')
GO
INSERT [dbo].[LookupCategories] ([Id], [Name], [DisplayName], [Description], [Order], [TenantId], [IsActive], [CreatedDate], [CreatedBy]) VALUES (N'9a22cf2d-2d09-488f-a12f-c2a8c72da1a1', N'Zone', N'Zone', N'Zone Types', 3, N'00000000-0000-0000-0000-000000000001', 1, CAST(N'2025-10-18T05:08:35.4824481' AS DateTime2), N'0fedac8f-6db9-4852-b2d8-9181c94f3bea')
GO
INSERT [dbo].[LookupCategories] ([Id], [Name], [DisplayName], [Description], [Order], [TenantId], [IsActive], [CreatedDate], [CreatedBy]) VALUES (N'2e5c2a9d-4600-47dc-b7a0-d35334ae830a', N'ConstructionType', N'Construction Type', N'Construction Type', 6, N'00000000-0000-0000-0000-000000000001', 1, CAST(N'2025-10-18T05:09:19.5570135' AS DateTime2), N'0fedac8f-6db9-4852-b2d8-9181c94f3bea')
GO
INSERT [dbo].[LookupCategories] ([Id], [Name], [DisplayName], [Description], [Order], [TenantId], [IsActive], [CreatedDate], [CreatedBy]) VALUES (N'15252a38-aa42-4a0b-a819-e62ea9892db1', N'TestV2', N'Test V2', N'test Des 2', 0, N'0fedac8f-6db9-4852-b2d8-9181c94f3bea', 1, CAST(N'2025-10-30T08:37:09.2648244' AS DateTime2), N'0fedac8f-6db9-4852-b2d8-9181c94f3bea')
GO
INSERT [dbo].[LookupCategories] ([Id], [Name], [DisplayName], [Description], [Order], [TenantId], [IsActive], [CreatedDate], [CreatedBy]) VALUES (N'5530d4d3-10e0-419a-b88c-f467fdd8307e', N'GSDivision', N'GS Division', N'GS Division', 8, N'00000000-0000-0000-0000-000000000001', 1, CAST(N'2025-10-18T05:09:45.0236693' AS DateTime2), N'0fedac8f-6db9-4852-b2d8-9181c94f3bea')
GO
INSERT [dbo].[Lookups] ([Id], [LookupCategoryId], [Value], [Order], [TenantId], [IsActive], [CreatedDate], [CreatedBy], [ParentLookupId]) VALUES (N'5539b6b5-928c-4fbf-a52f-0238c9d4bccd', N'57a9c82e-dd1b-4cdc-9522-2953bf2644bb', N'Zoning Clearance (කලාප අනුමැතිය)', 3, N'00000000-0000-0000-0000-000000000001', 1, CAST(N'2025-11-13T02:23:56.3312993' AS DateTime2), N'df084cc7-9aa1-436c-b8ba-768a22b2dbcb', NULL)
GO
INSERT [dbo].[Lookups] ([Id], [LookupCategoryId], [Value], [Order], [TenantId], [IsActive], [CreatedDate], [CreatedBy], [ParentLookupId]) VALUES (N'0228f9a4-c3b9-4953-aff2-0240d2394fcf', N'57a9c82e-dd1b-4cdc-9522-2953bf2644bb', N'Completion Certificate (නිමාව සහතිකය)', 14, N'00000000-0000-0000-0000-000000000001', 1, CAST(N'2025-11-13T02:23:56.3644495' AS DateTime2), N'df084cc7-9aa1-436c-b8ba-768a22b2dbcb', NULL)
GO
INSERT [dbo].[Lookups] ([Id], [LookupCategoryId], [Value], [Order], [TenantId], [IsActive], [CreatedDate], [CreatedBy], [ParentLookupId]) VALUES (N'5c91b9b8-2e4e-4196-88ff-030260aba362', N'5530d4d3-10e0-419a-b88c-f467fdd8307e', N'Mawathagama (මාවතගම)', 4, N'00000000-0000-0000-0000-000000000001', 1, CAST(N'2025-10-18T05:19:03.0344766' AS DateTime2), N'0fedac8f-6db9-4852-b2d8-9181c94f3bea', NULL)
GO
INSERT [dbo].[Lookups] ([Id], [LookupCategoryId], [Value], [Order], [TenantId], [IsActive], [CreatedDate], [CreatedBy], [ParentLookupId]) VALUES (N'20004659-caad-4585-b785-09159de33179', N'5ebfc638-cd78-4b54-b6eb-3f3c52d7cfab', N'Residential – Single House (නිවාස – තනි නිවස)', 13, N'00000000-0000-0000-0000-000000000001', 1, CAST(N'2025-10-18T05:33:03.8693599' AS DateTime2), N'0fedac8f-6db9-4852-b2d8-9181c94f3bea', NULL)
GO
INSERT [dbo].[Lookups] ([Id], [LookupCategoryId], [Value], [Order], [TenantId], [IsActive], [CreatedDate], [CreatedBy], [ParentLookupId]) VALUES (N'0412dce4-d56e-4aef-9678-09a61984ce24', N'2e5c2a9d-4600-47dc-b7a0-d35334ae830a', N'Religious Building (ආගමික ගොඩනැගිල්ල)', 7, N'00000000-0000-0000-0000-000000000001', 1, CAST(N'2025-10-18T05:21:30.7758141' AS DateTime2), N'0fedac8f-6db9-4852-b2d8-9181c94f3bea', NULL)
GO
INSERT [dbo].[Lookups] ([Id], [LookupCategoryId], [Value], [Order], [TenantId], [IsActive], [CreatedDate], [CreatedBy], [ParentLookupId]) VALUES (N'a45724d8-266a-4a33-8da9-0a5be46e543c', N'9217155c-b165-4165-80ce-a4df50622035', N'Cents (සෙන්ට්)', 10, N'00000000-0000-0000-0000-000000000001', 1, CAST(N'2025-10-18T05:23:48.1564152' AS DateTime2), N'0fedac8f-6db9-4852-b2d8-9181c94f3bea', NULL)
GO
INSERT [dbo].[Lookups] ([Id], [LookupCategoryId], [Value], [Order], [TenantId], [IsActive], [CreatedDate], [CreatedBy], [ParentLookupId]) VALUES (N'c25d0fad-43b5-4a34-a02a-0afa371e8c01', N'9a22cf2d-2d09-488f-a12f-c2a8c72da1a1', N'Industrial – Heavy (කර්මාන්ත – භාරකාර කලාපය)', 6, N'00000000-0000-0000-0000-000000000001', 1, CAST(N'2025-10-18T05:22:44.9764295' AS DateTime2), N'0fedac8f-6db9-4852-b2d8-9181c94f3bea', NULL)
GO
INSERT [dbo].[Lookups] ([Id], [LookupCategoryId], [Value], [Order], [TenantId], [IsActive], [CreatedDate], [CreatedBy], [ParentLookupId]) VALUES (N'57c4a8fb-0bed-4111-91b1-0c7cece1fc62', N'a6258045-6e56-42e6-9fbb-4d56ebfb5c21', N'Kilinochchi District (කිලිනොච්චි දිස්ත්‍රික්කය)', 11, N'00000000-0000-0000-0000-000000000001', 1, CAST(N'2025-10-31T07:43:07.6972802' AS DateTime2), N'df084cc7-9aa1-436c-b8ba-768a22b2dbcb', N'e82aabed-8ac3-42ad-94d8-5db181fb14d1')
GO
INSERT [dbo].[Lookups] ([Id], [LookupCategoryId], [Value], [Order], [TenantId], [IsActive], [CreatedDate], [CreatedBy], [ParentLookupId]) VALUES (N'7154e0ea-d656-4840-85d2-0cf0e7997419', N'690ef4fe-c11a-495a-b4d5-9b919634f285', N'Nikaweratiya (නිකවෙරටිය)', 3, N'00000000-0000-0000-0000-000000000001', 1, CAST(N'2025-10-18T05:29:12.6953010' AS DateTime2), N'0fedac8f-6db9-4852-b2d8-9181c94f3bea', NULL)
GO
INSERT [dbo].[Lookups] ([Id], [LookupCategoryId], [Value], [Order], [TenantId], [IsActive], [CreatedDate], [CreatedBy], [ParentLookupId]) VALUES (N'4c32e2e8-06f5-4227-b3a2-0f87740f62ef', N'5ebfc638-cd78-4b54-b6eb-3f3c52d7cfab', N'Public / Institutional – School (පොදු / ආයතනික – පාසල)', 8, N'00000000-0000-0000-0000-000000000001', 1, CAST(N'2025-10-18T05:33:03.8482817' AS DateTime2), N'0fedac8f-6db9-4852-b2d8-9181c94f3bea', NULL)
GO
INSERT [dbo].[Lookups] ([Id], [LookupCategoryId], [Value], [Order], [TenantId], [IsActive], [CreatedDate], [CreatedBy], [ParentLookupId]) VALUES (N'7f9127e7-aef5-4e2e-968c-11b5db859169', N'731ad210-b4f4-40bb-9f84-0a80d400fcfc', N'Urban Development Authority (නගර සංවර්ධන අධිකාරිය - UDA)', 3, N'00000000-0000-0000-0000-000000000001', 1, CAST(N'2025-10-23T03:25:45.0015556' AS DateTime2), N'0fedac8f-6db9-4852-b2d8-9181c94f3bea', NULL)
GO
INSERT [dbo].[Lookups] ([Id], [LookupCategoryId], [Value], [Order], [TenantId], [IsActive], [CreatedDate], [CreatedBy], [ParentLookupId]) VALUES (N'3a8953da-408e-4baf-9832-1203827cce26', N'a6258045-6e56-42e6-9fbb-4d56ebfb5c21', N'Ratnapura District (රත්නපුර දිස්ත්‍රික්කය)', 24, N'00000000-0000-0000-0000-000000000001', 1, CAST(N'2025-10-31T07:43:07.7639109' AS DateTime2), N'df084cc7-9aa1-436c-b8ba-768a22b2dbcb', N'd3933cce-2b0b-4130-b752-f7f29f8c2781')
GO
INSERT [dbo].[Lookups] ([Id], [LookupCategoryId], [Value], [Order], [TenantId], [IsActive], [CreatedDate], [CreatedBy], [ParentLookupId]) VALUES (N'e4ddd009-9b12-4a04-8359-131144f9024d', N'690ef4fe-c11a-495a-b4d5-9b919634f285', N'Rambukkana (රම්බුක්කන)', 9, N'00000000-0000-0000-0000-000000000001', 1, CAST(N'2025-10-18T05:29:12.7130255' AS DateTime2), N'0fedac8f-6db9-4852-b2d8-9181c94f3bea', NULL)
GO
INSERT [dbo].[Lookups] ([Id], [LookupCategoryId], [Value], [Order], [TenantId], [IsActive], [CreatedDate], [CreatedBy], [ParentLookupId]) VALUES (N'4f4658a2-7bd6-4914-810a-15af58aa2f65', N'5ebfc638-cd78-4b54-b6eb-3f3c52d7cfab', N'Mixed Development – Residential & Commercial (මැක්ස්ඩ් සංවර්ධනය – නිවාස හා වාණිජ)', 1, N'00000000-0000-0000-0000-000000000001', 1, CAST(N'2025-10-18T05:33:03.8238145' AS DateTime2), N'0fedac8f-6db9-4852-b2d8-9181c94f3bea', NULL)
GO
INSERT [dbo].[Lookups] ([Id], [LookupCategoryId], [Value], [Order], [TenantId], [IsActive], [CreatedDate], [CreatedBy], [ParentLookupId]) VALUES (N'3584a594-a879-4799-a4cd-15ef259c9431', N'731ad210-b4f4-40bb-9f84-0a80d400fcfc', N'Ceylon Electricity Board (සිලෝන් විදුලි මණ්ඩලය - CEB)', 6, N'00000000-0000-0000-0000-000000000001', 1, CAST(N'2025-10-23T03:25:45.0156694' AS DateTime2), N'0fedac8f-6db9-4852-b2d8-9181c94f3bea', NULL)
GO
INSERT [dbo].[Lookups] ([Id], [LookupCategoryId], [Value], [Order], [TenantId], [IsActive], [CreatedDate], [CreatedBy], [ParentLookupId]) VALUES (N'247df4bc-cdd6-40fe-ad8c-167d49d65b78', N'd92f10aa-14e1-4a95-a69d-2dbb16a743b1', N'Drainage & Sewer Inspection (නිකාස හා විසර්ජන පරීක්ෂණය)', 7, N'00000000-0000-0000-0000-000000000001', 1, CAST(N'2025-11-13T02:21:41.2629837' AS DateTime2), N'df084cc7-9aa1-436c-b8ba-768a22b2dbcb', NULL)
GO
INSERT [dbo].[Lookups] ([Id], [LookupCategoryId], [Value], [Order], [TenantId], [IsActive], [CreatedDate], [CreatedBy], [ParentLookupId]) VALUES (N'df676cdd-3da9-4bbc-92e9-18b6ceb778c9', N'9217155c-b165-4165-80ce-a4df50622035', N'Perch (පර්ච්)', 1, N'00000000-0000-0000-0000-000000000001', 1, CAST(N'2025-10-18T05:23:48.1305272' AS DateTime2), N'0fedac8f-6db9-4852-b2d8-9181c94f3bea', NULL)
GO
INSERT [dbo].[Lookups] ([Id], [LookupCategoryId], [Value], [Order], [TenantId], [IsActive], [CreatedDate], [CreatedBy], [ParentLookupId]) VALUES (N'96e9356f-00af-48c0-9815-1a49a698ccd2', N'5ebfc638-cd78-4b54-b6eb-3f3c52d7cfab', N'Recreational – Park / Playground (විවේක – උයන / ක්‍රීඩාංගනය)', 16, N'00000000-0000-0000-0000-000000000001', 1, CAST(N'2025-10-18T05:33:03.8814193' AS DateTime2), N'0fedac8f-6db9-4852-b2d8-9181c94f3bea', NULL)
GO
INSERT [dbo].[Lookups] ([Id], [LookupCategoryId], [Value], [Order], [TenantId], [IsActive], [CreatedDate], [CreatedBy], [ParentLookupId]) VALUES (N'7e9bebe4-90b0-421c-b358-1a8453c34515', N'd92f10aa-14e1-4a95-a69d-2dbb16a743b1', N'Site Inspection Report #1 (ස්ථල පරීක්ෂණ වාර්තාව #1)', 1, N'00000000-0000-0000-0000-000000000001', 1, CAST(N'2025-11-13T02:21:41.1092998' AS DateTime2), N'df084cc7-9aa1-436c-b8ba-768a22b2dbcb', NULL)
GO
INSERT [dbo].[Lookups] ([Id], [LookupCategoryId], [Value], [Order], [TenantId], [IsActive], [CreatedDate], [CreatedBy], [ParentLookupId]) VALUES (N'c73510b0-1879-4b8e-b65c-1cbaf65b3863', N'bdca3424-c6a9-4306-a3ab-8225c5cad49e', N'Alley / Lane (බැන් / තාරග)', 3, N'00000000-0000-0000-0000-000000000001', 1, CAST(N'2025-10-18T05:29:43.1195135' AS DateTime2), N'0fedac8f-6db9-4852-b2d8-9181c94f3bea', NULL)
GO
INSERT [dbo].[Lookups] ([Id], [LookupCategoryId], [Value], [Order], [TenantId], [IsActive], [CreatedDate], [CreatedBy], [ParentLookupId]) VALUES (N'5a1bd25c-4774-4610-a6c4-1dd6f64d5499', N'690ef4fe-c11a-495a-b4d5-9b919634f285', N'Kurunegala Rural (කුරුණෑගල ගම්මහල්)', 10, N'00000000-0000-0000-0000-000000000001', 1, CAST(N'2025-10-18T05:29:12.7154987' AS DateTime2), N'0fedac8f-6db9-4852-b2d8-9181c94f3bea', NULL)
GO
INSERT [dbo].[Lookups] ([Id], [LookupCategoryId], [Value], [Order], [TenantId], [IsActive], [CreatedDate], [CreatedBy], [ParentLookupId]) VALUES (N'f0ec543d-3e33-4eff-b090-1f32a0879b37', N'5ebfc638-cd78-4b54-b6eb-3f3c52d7cfab', N'Agricultural – Tea / Rubber / Coconut Plantation (කෘෂිකාර්මික – තේ / රබර් / පොල් වගාව)', 5, N'00000000-0000-0000-0000-000000000001', 1, CAST(N'2025-10-18T05:33:03.8348532' AS DateTime2), N'0fedac8f-6db9-4852-b2d8-9181c94f3bea', NULL)
GO
INSERT [dbo].[Lookups] ([Id], [LookupCategoryId], [Value], [Order], [TenantId], [IsActive], [CreatedDate], [CreatedBy], [ParentLookupId]) VALUES (N'a775fecc-9845-469e-9727-2032db1b8200', N'72a18e0a-171f-4e82-8108-a32231ed8ed5', N'Inspection', 6, N'00000000-0000-0000-0000-000000000001', 1, CAST(N'2025-10-18T03:05:32.3029966' AS DateTime2), N'0fedac8f-6db9-4852-b2d8-9181c94f3bea', NULL)
GO
INSERT [dbo].[Lookups] ([Id], [LookupCategoryId], [Value], [Order], [TenantId], [IsActive], [CreatedDate], [CreatedBy], [ParentLookupId]) VALUES (N'1e6c94cd-5753-4d7d-9737-251aeae7613b', N'5530d4d3-10e0-419a-b88c-f467fdd8307e', N'Kurunegala Town (කුරුණෑගල නගරය)', 1, N'00000000-0000-0000-0000-000000000001', 1, CAST(N'2025-10-18T05:19:03.0255997' AS DateTime2), N'0fedac8f-6db9-4852-b2d8-9181c94f3bea', NULL)
GO
INSERT [dbo].[Lookups] ([Id], [LookupCategoryId], [Value], [Order], [TenantId], [IsActive], [CreatedDate], [CreatedBy], [ParentLookupId]) VALUES (N'145ec215-4776-4d7f-84ad-27202bdac954', N'690ef4fe-c11a-495a-b4d5-9b919634f285', N'Kurunegala (කුරුණෑගල)', 1, N'00000000-0000-0000-0000-000000000001', 1, CAST(N'2025-10-18T05:29:12.6870988' AS DateTime2), N'0fedac8f-6db9-4852-b2d8-9181c94f3bea', NULL)
GO
INSERT [dbo].[Lookups] ([Id], [LookupCategoryId], [Value], [Order], [TenantId], [IsActive], [CreatedDate], [CreatedBy], [ParentLookupId]) VALUES (N'd59d08b2-e31a-48c4-9bdb-28b5f86a213b', N'a6258045-6e56-42e6-9fbb-4d56ebfb5c21', N'Kandy District (මහනුවර දිස්ත්‍රික්කය)', 4, N'00000000-0000-0000-0000-000000000001', 1, CAST(N'2025-10-31T07:43:07.6562909' AS DateTime2), N'df084cc7-9aa1-436c-b8ba-768a22b2dbcb', N'43d88d52-1084-4429-a1c3-6c6c94db69f1')
GO
INSERT [dbo].[Lookups] ([Id], [LookupCategoryId], [Value], [Order], [TenantId], [IsActive], [CreatedDate], [CreatedBy], [ParentLookupId]) VALUES (N'0df153fe-081b-4392-9844-2923e01d292f', N'8aa6aa1d-878a-42db-81eb-1e9e906cfc78', N'Uva Province (ඌව පළාත)', 8, N'00000000-0000-0000-0000-000000000001', 1, CAST(N'2025-10-30T09:27:58.8402483' AS DateTime2), N'df084cc7-9aa1-436c-b8ba-768a22b2dbcb', NULL)
GO
INSERT [dbo].[Lookups] ([Id], [LookupCategoryId], [Value], [Order], [TenantId], [IsActive], [CreatedDate], [CreatedBy], [ParentLookupId]) VALUES (N'9411ecaf-64b2-4070-b835-29d09b12a440', N'a6258045-6e56-42e6-9fbb-4d56ebfb5c21', N'Mullaitivu District (මුලතිව් දිස්ත්‍රික්කය)', 14, N'00000000-0000-0000-0000-000000000001', 1, CAST(N'2025-10-31T07:43:07.7114101' AS DateTime2), N'df084cc7-9aa1-436c-b8ba-768a22b2dbcb', N'e82aabed-8ac3-42ad-94d8-5db181fb14d1')
GO
INSERT [dbo].[Lookups] ([Id], [LookupCategoryId], [Value], [Order], [TenantId], [IsActive], [CreatedDate], [CreatedBy], [ParentLookupId]) VALUES (N'df48af89-ec13-48b9-9db8-29d7c93f3adc', N'a6258045-6e56-42e6-9fbb-4d56ebfb5c21', N'Matale District (මාතලේ දිස්ත්‍රික්කය)', 5, N'00000000-0000-0000-0000-000000000001', 1, CAST(N'2025-10-31T07:43:07.6621807' AS DateTime2), N'df084cc7-9aa1-436c-b8ba-768a22b2dbcb', N'43d88d52-1084-4429-a1c3-6c6c94db69f1')
GO
INSERT [dbo].[Lookups] ([Id], [LookupCategoryId], [Value], [Order], [TenantId], [IsActive], [CreatedDate], [CreatedBy], [ParentLookupId]) VALUES (N'7709c8ab-b2c1-4e36-a635-2a66a00bb586', N'2adc9b4a-a290-4df2-a935-78df48ac316a', N'Religious / Temple Land (ආගමික / විහාර භූමිය)', 6, N'00000000-0000-0000-0000-000000000001', 1, CAST(N'2025-10-18T05:31:36.8968648' AS DateTime2), N'0fedac8f-6db9-4852-b2d8-9181c94f3bea', NULL)
GO
INSERT [dbo].[Lookups] ([Id], [LookupCategoryId], [Value], [Order], [TenantId], [IsActive], [CreatedDate], [CreatedBy], [ParentLookupId]) VALUES (N'05c61193-ea06-434a-bccc-2b0cb0bc92ee', N'731ad210-b4f4-40bb-9f84-0a80d400fcfc', N'Road Development Authority (මාර්ග සංවර්ධන අධිකාරිය - RDA)', 5, N'00000000-0000-0000-0000-000000000001', 1, CAST(N'2025-10-23T03:25:45.0127593' AS DateTime2), N'0fedac8f-6db9-4852-b2d8-9181c94f3bea', NULL)
GO
INSERT [dbo].[Lookups] ([Id], [LookupCategoryId], [Value], [Order], [TenantId], [IsActive], [CreatedDate], [CreatedBy], [ParentLookupId]) VALUES (N'e911a9f0-4fd3-4e21-a71a-2d113068560d', N'a6258045-6e56-42e6-9fbb-4d56ebfb5c21', N'Colombo District (කොළඹ දිස්ත්‍රික්කය)', 1, N'00000000-0000-0000-0000-000000000001', 1, CAST(N'2025-10-31T07:43:05.6804943' AS DateTime2), N'df084cc7-9aa1-436c-b8ba-768a22b2dbcb', N'57c9b612-6060-491b-9d9c-62c890a0e4f1')
GO
INSERT [dbo].[Lookups] ([Id], [LookupCategoryId], [Value], [Order], [TenantId], [IsActive], [CreatedDate], [CreatedBy], [ParentLookupId]) VALUES (N'a5eedafa-c85e-471f-92ce-2df0c4dbe533', N'bdca3424-c6a9-4306-a3ab-8225c5cad49e', N'Dead-End / Cul-de-Sac (අවසාන මාර්ගය / කල්-ඩි-සැක්)', 7, N'00000000-0000-0000-0000-000000000001', 1, CAST(N'2025-10-18T05:29:43.1311256' AS DateTime2), N'0fedac8f-6db9-4852-b2d8-9181c94f3bea', NULL)
GO
INSERT [dbo].[Lookups] ([Id], [LookupCategoryId], [Value], [Order], [TenantId], [IsActive], [CreatedDate], [CreatedBy], [ParentLookupId]) VALUES (N'79774a04-7c42-424f-ab50-3086762f87e9', N'5530d4d3-10e0-419a-b88c-f467fdd8307e', N'Rambukkana (රම්බුක්කන)', 9, N'00000000-0000-0000-0000-000000000001', 1, CAST(N'2025-10-18T05:19:03.0474619' AS DateTime2), N'0fedac8f-6db9-4852-b2d8-9181c94f3bea', NULL)
GO
INSERT [dbo].[Lookups] ([Id], [LookupCategoryId], [Value], [Order], [TenantId], [IsActive], [CreatedDate], [CreatedBy], [ParentLookupId]) VALUES (N'adc0fd3a-3bc3-4702-8c5b-3254c71ae0f6', N'a6258045-6e56-42e6-9fbb-4d56ebfb5c21', N'Monaragala District (මොණරාගල දිස්ත්‍රික්කය)', 23, N'00000000-0000-0000-0000-000000000001', 1, CAST(N'2025-10-31T07:43:07.7585996' AS DateTime2), N'df084cc7-9aa1-436c-b8ba-768a22b2dbcb', N'0df153fe-081b-4392-9844-2923e01d292f')
GO
INSERT [dbo].[Lookups] ([Id], [LookupCategoryId], [Value], [Order], [TenantId], [IsActive], [CreatedDate], [CreatedBy], [ParentLookupId]) VALUES (N'67ae1aae-4be0-4dc2-a7ed-32b25d1c99da', N'57a9c82e-dd1b-4cdc-9522-2953bf2644bb', N'Plumbing & Drainage Layout (ජලනිකාසන හා නල සැලැස්ම)', 7, N'00000000-0000-0000-0000-000000000001', 1, CAST(N'2025-11-13T02:23:56.3444095' AS DateTime2), N'df084cc7-9aa1-436c-b8ba-768a22b2dbcb', NULL)
GO
INSERT [dbo].[Lookups] ([Id], [LookupCategoryId], [Value], [Order], [TenantId], [IsActive], [CreatedDate], [CreatedBy], [ParentLookupId]) VALUES (N'02333a5b-676e-45c2-bdcf-32e61b2ff318', N'9217155c-b165-4165-80ce-a4df50622035', N'Custom Local Measurement (සැකසුම් ලාංකීය මිනුම)', 12, N'00000000-0000-0000-0000-000000000001', 1, CAST(N'2025-10-18T05:23:48.1626190' AS DateTime2), N'0fedac8f-6db9-4852-b2d8-9181c94f3bea', NULL)
GO
INSERT [dbo].[Lookups] ([Id], [LookupCategoryId], [Value], [Order], [TenantId], [IsActive], [CreatedDate], [CreatedBy], [ParentLookupId]) VALUES (N'076a5fa1-c8f1-46eb-8be2-35f1b675ae6c', N'9217155c-b165-4165-80ce-a4df50622035', N'Rood and Perch Combination (රූඩ් සහ පර්ච් සම්බන්ධය)', 9, N'00000000-0000-0000-0000-000000000001', 1, CAST(N'2025-10-18T05:23:48.1535002' AS DateTime2), N'0fedac8f-6db9-4852-b2d8-9181c94f3bea', NULL)
GO
INSERT [dbo].[Lookups] ([Id], [LookupCategoryId], [Value], [Order], [TenantId], [IsActive], [CreatedDate], [CreatedBy], [ParentLookupId]) VALUES (N'676ffa88-c32b-46f1-80cc-36c2a6b7a504', N'2e5c2a9d-4600-47dc-b7a0-d35334ae830a', N'Industrial Building (කර්මාන්ත ගොඩනැගිල්ල)', 3, N'00000000-0000-0000-0000-000000000001', 1, CAST(N'2025-10-18T05:21:30.7639648' AS DateTime2), N'0fedac8f-6db9-4852-b2d8-9181c94f3bea', NULL)
GO
INSERT [dbo].[Lookups] ([Id], [LookupCategoryId], [Value], [Order], [TenantId], [IsActive], [CreatedDate], [CreatedBy], [ParentLookupId]) VALUES (N'e2189727-ff27-4a7b-b373-3831b2802abe', N'a6258045-6e56-42e6-9fbb-4d56ebfb5c21', N'Batticaloa District (මඩකලපුව දිස්ත්‍රික්කය)', 15, N'00000000-0000-0000-0000-000000000001', 1, CAST(N'2025-10-31T07:43:07.7173586' AS DateTime2), N'df084cc7-9aa1-436c-b8ba-768a22b2dbcb', N'20c2f0cc-f29b-4010-b21a-3dd383a2f574')
GO
INSERT [dbo].[Lookups] ([Id], [LookupCategoryId], [Value], [Order], [TenantId], [IsActive], [CreatedDate], [CreatedBy], [ParentLookupId]) VALUES (N'd5cc545d-f9ca-4f2d-9ebb-392c9baac346', N'5ebfc638-cd78-4b54-b6eb-3f3c52d7cfab', N'Industrial – Light Industry / Workshop (කාර්මික – හෝල් කාර්මිකය / වැඩමුළුව)', 20, N'00000000-0000-0000-0000-000000000001', 1, CAST(N'2025-10-18T05:33:03.9015253' AS DateTime2), N'0fedac8f-6db9-4852-b2d8-9181c94f3bea', NULL)
GO
INSERT [dbo].[Lookups] ([Id], [LookupCategoryId], [Value], [Order], [TenantId], [IsActive], [CreatedDate], [CreatedBy], [ParentLookupId]) VALUES (N'211597ac-f02a-4cc5-9443-3ab751178eb0', N'5ebfc638-cd78-4b54-b6eb-3f3c52d7cfab', N'Recreational – Community Hall / Center (විවේක – ප්‍රජා ශාලාව / මධ්‍යස්ථානය)', 9, N'00000000-0000-0000-0000-000000000001', 1, CAST(N'2025-10-18T05:33:03.8507914' AS DateTime2), N'0fedac8f-6db9-4852-b2d8-9181c94f3bea', NULL)
GO
INSERT [dbo].[Lookups] ([Id], [LookupCategoryId], [Value], [Order], [TenantId], [IsActive], [CreatedDate], [CreatedBy], [ParentLookupId]) VALUES (N'3e50a8ec-124b-42a5-b8cc-3b20c8d28b7d', N'9a22cf2d-2d09-488f-a12f-c2a8c72da1a1', N'Industrial – Light (කර්මාන්ත – ලායිට් කලාපය)', 5, N'00000000-0000-0000-0000-000000000001', 1, CAST(N'2025-10-18T05:22:44.9731016' AS DateTime2), N'0fedac8f-6db9-4852-b2d8-9181c94f3bea', NULL)
GO
INSERT [dbo].[Lookups] ([Id], [LookupCategoryId], [Value], [Order], [TenantId], [IsActive], [CreatedDate], [CreatedBy], [ParentLookupId]) VALUES (N'b3c48917-efa8-4eae-a68f-3cf570579e2d', N'690ef4fe-c11a-495a-b4d5-9b919634f285', N'Maho (මහෝ)', 8, N'00000000-0000-0000-0000-000000000001', 1, CAST(N'2025-10-18T05:29:12.7104533' AS DateTime2), N'0fedac8f-6db9-4852-b2d8-9181c94f3bea', NULL)
GO
INSERT [dbo].[Lookups] ([Id], [LookupCategoryId], [Value], [Order], [TenantId], [IsActive], [CreatedDate], [CreatedBy], [ParentLookupId]) VALUES (N'9fcb3a00-20cc-41a8-a91f-3d64c6604fe0', N'9217155c-b165-4165-80ce-a4df50622035', N'Square Yard (වර්ග යාඩ්)', 8, N'00000000-0000-0000-0000-000000000001', 1, CAST(N'2025-10-18T05:23:48.1502986' AS DateTime2), N'0fedac8f-6db9-4852-b2d8-9181c94f3bea', NULL)
GO
INSERT [dbo].[Lookups] ([Id], [LookupCategoryId], [Value], [Order], [TenantId], [IsActive], [CreatedDate], [CreatedBy], [ParentLookupId]) VALUES (N'20c2f0cc-f29b-4010-b21a-3dd383a2f574', N'8aa6aa1d-878a-42db-81eb-1e9e906cfc78', N'Eastern Province (නැගෙනහිර පළාත)', 5, N'00000000-0000-0000-0000-000000000001', 1, CAST(N'2025-10-30T09:27:58.8201444' AS DateTime2), N'df084cc7-9aa1-436c-b8ba-768a22b2dbcb', NULL)
GO
INSERT [dbo].[Lookups] ([Id], [LookupCategoryId], [Value], [Order], [TenantId], [IsActive], [CreatedDate], [CreatedBy], [ParentLookupId]) VALUES (N'24c644c4-80cd-42fb-afad-3df1527d532d', N'5ebfc638-cd78-4b54-b6eb-3f3c52d7cfab', N'Commercial – Shop / Retail (වාණිජ – වෙළඳසල / සිල්ලර)', 11, N'00000000-0000-0000-0000-000000000001', 1, CAST(N'2025-10-18T05:33:03.8557133' AS DateTime2), N'0fedac8f-6db9-4852-b2d8-9181c94f3bea', NULL)
GO
INSERT [dbo].[Lookups] ([Id], [LookupCategoryId], [Value], [Order], [TenantId], [IsActive], [CreatedDate], [CreatedBy], [ParentLookupId]) VALUES (N'54e79482-5878-4b65-88b3-401f2bf71662', N'd92f10aa-14e1-4a95-a69d-2dbb16a743b1', N'Structural Inspection (රූපණ පරීක්ෂණය)', 3, N'00000000-0000-0000-0000-000000000001', 1, CAST(N'2025-11-13T02:21:41.2305746' AS DateTime2), N'df084cc7-9aa1-436c-b8ba-768a22b2dbcb', NULL)
GO
INSERT [dbo].[Lookups] ([Id], [LookupCategoryId], [Value], [Order], [TenantId], [IsActive], [CreatedDate], [CreatedBy], [ParentLookupId]) VALUES (N'e1bf9ba5-e9ed-4cf3-8f5f-40a751a3db14', N'5ebfc638-cd78-4b54-b6eb-3f3c52d7cfab', N'Government Land / Reservation (රජයේ භූමිය / වෙන්කළ භූමිය)', 19, N'00000000-0000-0000-0000-000000000001', 1, CAST(N'2025-10-18T05:33:03.8965496' AS DateTime2), N'0fedac8f-6db9-4852-b2d8-9181c94f3bea', NULL)
GO
INSERT [dbo].[Lookups] ([Id], [LookupCategoryId], [Value], [Order], [TenantId], [IsActive], [CreatedDate], [CreatedBy], [ParentLookupId]) VALUES (N'1cdd2f6b-f884-43ed-8056-41ddf8b5e650', N'57a9c82e-dd1b-4cdc-9522-2953bf2644bb', N'Land Ownership Document (භූමි අයිතිවාසිකම් ලේඛනය)', 10, N'00000000-0000-0000-0000-000000000001', 1, CAST(N'2025-11-13T02:23:56.3526338' AS DateTime2), N'df084cc7-9aa1-436c-b8ba-768a22b2dbcb', NULL)
GO
INSERT [dbo].[Lookups] ([Id], [LookupCategoryId], [Value], [Order], [TenantId], [IsActive], [CreatedDate], [CreatedBy], [ParentLookupId]) VALUES (N'6cd16cd3-b65c-4638-bd72-4345aecfd4f5', N'5ebfc638-cd78-4b54-b6eb-3f3c52d7cfab', N'Public / Institutional – Religious Building (පොදු / ආයතනික – ආගමික ගොඩනැගිල්ල)', 7, N'00000000-0000-0000-0000-000000000001', 1, CAST(N'2025-10-18T05:33:03.8453532' AS DateTime2), N'0fedac8f-6db9-4852-b2d8-9181c94f3bea', NULL)
GO
INSERT [dbo].[Lookups] ([Id], [LookupCategoryId], [Value], [Order], [TenantId], [IsActive], [CreatedDate], [CreatedBy], [ParentLookupId]) VALUES (N'1380c123-7bd9-4b18-b2a4-45cd1196e600', N'2e5c2a9d-4600-47dc-b7a0-d35334ae830a', N'Government / Public Building (රාජ්‍ය / පොදු ගොඩනැගිල්ල)', 6, N'00000000-0000-0000-0000-000000000001', 1, CAST(N'2025-10-18T05:21:30.7728293' AS DateTime2), N'0fedac8f-6db9-4852-b2d8-9181c94f3bea', NULL)
GO
INSERT [dbo].[Lookups] ([Id], [LookupCategoryId], [Value], [Order], [TenantId], [IsActive], [CreatedDate], [CreatedBy], [ParentLookupId]) VALUES (N'954c82e5-c159-433b-83c5-46500cf9815c', N'2e5c2a9d-4600-47dc-b7a0-d35334ae830a', N'Mixed-Use Building (මිශ්‍රිත භාවිත ගොඩනැගිල්ල)', 4, N'00000000-0000-0000-0000-000000000001', 1, CAST(N'2025-10-18T05:21:30.7667482' AS DateTime2), N'0fedac8f-6db9-4852-b2d8-9181c94f3bea', NULL)
GO
INSERT [dbo].[Lookups] ([Id], [LookupCategoryId], [Value], [Order], [TenantId], [IsActive], [CreatedDate], [CreatedBy], [ParentLookupId]) VALUES (N'add8520e-08cc-44ac-912c-4724bc985d9c', N'5530d4d3-10e0-419a-b88c-f467fdd8307e', N'Wariyapola (වර්‍යාපොල)', 6, N'00000000-0000-0000-0000-000000000001', 1, CAST(N'2025-10-18T05:19:03.0392141' AS DateTime2), N'0fedac8f-6db9-4852-b2d8-9181c94f3bea', NULL)
GO
INSERT [dbo].[Lookups] ([Id], [LookupCategoryId], [Value], [Order], [TenantId], [IsActive], [CreatedDate], [CreatedBy], [ParentLookupId]) VALUES (N'b8059300-0de3-4379-9349-47952b982889', N'9217155c-b165-4165-80ce-a4df50622035', N'Hectare (හෙක්ටයාර්)', 5, N'00000000-0000-0000-0000-000000000001', 1, CAST(N'2025-10-18T05:23:48.1423837' AS DateTime2), N'0fedac8f-6db9-4852-b2d8-9181c94f3bea', NULL)
GO
INSERT [dbo].[Lookups] ([Id], [LookupCategoryId], [Value], [Order], [TenantId], [IsActive], [CreatedDate], [CreatedBy], [ParentLookupId]) VALUES (N'cd3abb16-0c30-40d4-a675-4b805b94f236', N'9217155c-b165-4165-80ce-a4df50622035', N'Rood (රූඩ්)', 6, N'00000000-0000-0000-0000-000000000001', 1, CAST(N'2025-10-18T05:23:48.1450254' AS DateTime2), N'0fedac8f-6db9-4852-b2d8-9181c94f3bea', NULL)
GO
INSERT [dbo].[Lookups] ([Id], [LookupCategoryId], [Value], [Order], [TenantId], [IsActive], [CreatedDate], [CreatedBy], [ParentLookupId]) VALUES (N'a75c6957-a931-44e7-b2d5-4c1e07fd2109', N'9a22cf2d-2d09-488f-a12f-c2a8c72da1a1', N'Protected / Environmentally Sensitive (රක්ෂිත / පාරිසරික සංවේදී කලාපය)', 8, N'00000000-0000-0000-0000-000000000001', 1, CAST(N'2025-10-18T05:22:44.9814493' AS DateTime2), N'0fedac8f-6db9-4852-b2d8-9181c94f3bea', NULL)
GO
INSERT [dbo].[Lookups] ([Id], [LookupCategoryId], [Value], [Order], [TenantId], [IsActive], [CreatedDate], [CreatedBy], [ParentLookupId]) VALUES (N'ed3bce41-886c-4033-9d66-4ed6fd9e21bc', N'a6258045-6e56-42e6-9fbb-4d56ebfb5c21', N'Hambantota District (හම්බන්තොට දිස්ත්‍රික්කය)', 9, N'00000000-0000-0000-0000-000000000001', 1, CAST(N'2025-10-31T07:43:07.6876235' AS DateTime2), N'df084cc7-9aa1-436c-b8ba-768a22b2dbcb', N'953a193e-9d2a-438d-b850-665b35cf559c')
GO
INSERT [dbo].[Lookups] ([Id], [LookupCategoryId], [Value], [Order], [TenantId], [IsActive], [CreatedDate], [CreatedBy], [ParentLookupId]) VALUES (N'5e327da6-d153-4d7c-9dc2-53816c6ec19e', N'bdca3424-c6a9-4306-a3ab-8225c5cad49e', N'Main Road (මූලික මාර්ගය)', 1, N'00000000-0000-0000-0000-000000000001', 1, CAST(N'2025-10-18T05:29:43.1107925' AS DateTime2), N'0fedac8f-6db9-4852-b2d8-9181c94f3bea', NULL)
GO
INSERT [dbo].[Lookups] ([Id], [LookupCategoryId], [Value], [Order], [TenantId], [IsActive], [CreatedDate], [CreatedBy], [ParentLookupId]) VALUES (N'9fabc320-cf6e-4396-b75b-539491aab0b4', N'690ef4fe-c11a-495a-b4d5-9b919634f285', N'Galgamuwa (ගල්ගමුව)', 7, N'00000000-0000-0000-0000-000000000001', 1, CAST(N'2025-10-18T05:29:12.7072492' AS DateTime2), N'0fedac8f-6db9-4852-b2d8-9181c94f3bea', NULL)
GO
INSERT [dbo].[Lookups] ([Id], [LookupCategoryId], [Value], [Order], [TenantId], [IsActive], [CreatedDate], [CreatedBy], [ParentLookupId]) VALUES (N'38cc1fe9-d6d5-4867-a6bd-548be4d9eb67', N'9217155c-b165-4165-80ce-a4df50622035', N'Perch (Decimalized) (පර්ච් - දශම)', 7, N'00000000-0000-0000-0000-000000000001', 1, CAST(N'2025-10-18T05:23:48.1476185' AS DateTime2), N'0fedac8f-6db9-4852-b2d8-9181c94f3bea', NULL)
GO
INSERT [dbo].[Lookups] ([Id], [LookupCategoryId], [Value], [Order], [TenantId], [IsActive], [CreatedDate], [CreatedBy], [ParentLookupId]) VALUES (N'6201eec3-79c9-488a-bc3f-55ff5e56e52e', N'2adc9b4a-a290-4df2-a935-78df48ac316a', N'Government / State Owned (රජයේ / රාජ්‍ය අයිතිය)', 2, N'00000000-0000-0000-0000-000000000001', 1, CAST(N'2025-10-18T05:31:36.8870287' AS DateTime2), N'0fedac8f-6db9-4852-b2d8-9181c94f3bea', NULL)
GO
INSERT [dbo].[Lookups] ([Id], [LookupCategoryId], [Value], [Order], [TenantId], [IsActive], [CreatedDate], [CreatedBy], [ParentLookupId]) VALUES (N'04e75332-b23d-45b0-bdd6-58934c10cdfe', N'a6258045-6e56-42e6-9fbb-4d56ebfb5c21', N'Jaffna District (යාපනය දිස්ත්‍රික්කය)', 10, N'00000000-0000-0000-0000-000000000001', 1, CAST(N'2025-10-31T07:43:07.6923354' AS DateTime2), N'df084cc7-9aa1-436c-b8ba-768a22b2dbcb', N'e82aabed-8ac3-42ad-94d8-5db181fb14d1')
GO
INSERT [dbo].[Lookups] ([Id], [LookupCategoryId], [Value], [Order], [TenantId], [IsActive], [CreatedDate], [CreatedBy], [ParentLookupId]) VALUES (N'291feae5-a6ca-4511-9df3-59305d6452ec', N'd92f10aa-14e1-4a95-a69d-2dbb16a743b1', N'Environmental Check (පරිසර පරීක්ෂණය)', 4, N'00000000-0000-0000-0000-000000000001', 1, CAST(N'2025-11-13T02:21:41.2346369' AS DateTime2), N'df084cc7-9aa1-436c-b8ba-768a22b2dbcb', NULL)
GO
INSERT [dbo].[Lookups] ([Id], [LookupCategoryId], [Value], [Order], [TenantId], [IsActive], [CreatedDate], [CreatedBy], [ParentLookupId]) VALUES (N'e302541d-2a57-4996-aedd-59a48fd3a062', N'a6258045-6e56-42e6-9fbb-4d56ebfb5c21', N'Kurunegala District (කුරුණෑගල දිස්ත්‍රික්කය)', 18, N'00000000-0000-0000-0000-000000000001', 1, CAST(N'2025-10-31T07:43:07.7320423' AS DateTime2), N'df084cc7-9aa1-436c-b8ba-768a22b2dbcb', N'ed251350-6517-47de-a73d-b79bf6fdd8ee')
GO
INSERT [dbo].[Lookups] ([Id], [LookupCategoryId], [Value], [Order], [TenantId], [IsActive], [CreatedDate], [CreatedBy], [ParentLookupId]) VALUES (N'7fef7c94-571d-44ef-8a9d-5aba6aa8cc51', N'9217155c-b165-4165-80ce-a4df50622035', N'Dunam / Local Survey Unit (ඩුනම් / දේශීය මිනුම් ඒකකය)', 11, N'00000000-0000-0000-0000-000000000001', 1, CAST(N'2025-10-18T05:23:48.1595203' AS DateTime2), N'0fedac8f-6db9-4852-b2d8-9181c94f3bea', NULL)
GO
INSERT [dbo].[Lookups] ([Id], [LookupCategoryId], [Value], [Order], [TenantId], [IsActive], [CreatedDate], [CreatedBy], [ParentLookupId]) VALUES (N'f9a08739-e374-4b7e-b818-5c211d7493a3', N'57a9c82e-dd1b-4cdc-9522-2953bf2644bb', N'Fire Safety Approval (අග්නි ආරක්ෂණ අනුමැතිය)', 9, N'00000000-0000-0000-0000-000000000001', 1, CAST(N'2025-11-13T02:23:56.3500568' AS DateTime2), N'df084cc7-9aa1-436c-b8ba-768a22b2dbcb', NULL)
GO
INSERT [dbo].[Lookups] ([Id], [LookupCategoryId], [Value], [Order], [TenantId], [IsActive], [CreatedDate], [CreatedBy], [ParentLookupId]) VALUES (N'c91e188e-3006-4158-99df-5c40cf04c7b7', N'690ef4fe-c11a-495a-b4d5-9b919634f285', N'Polgahawela (පොල්ගහවෙල)', 2, N'00000000-0000-0000-0000-000000000001', 1, CAST(N'2025-10-18T05:29:12.6920754' AS DateTime2), N'0fedac8f-6db9-4852-b2d8-9181c94f3bea', NULL)
GO
INSERT [dbo].[Lookups] ([Id], [LookupCategoryId], [Value], [Order], [TenantId], [IsActive], [CreatedDate], [CreatedBy], [ParentLookupId]) VALUES (N'e82aabed-8ac3-42ad-94d8-5db181fb14d1', N'8aa6aa1d-878a-42db-81eb-1e9e906cfc78', N'Northern Province (උතුරු පළාත)', 4, N'00000000-0000-0000-0000-000000000001', 1, CAST(N'2025-10-30T09:27:58.8162937' AS DateTime2), N'df084cc7-9aa1-436c-b8ba-768a22b2dbcb', NULL)
GO
INSERT [dbo].[Lookups] ([Id], [LookupCategoryId], [Value], [Order], [TenantId], [IsActive], [CreatedDate], [CreatedBy], [ParentLookupId]) VALUES (N'a72fbb73-f2dc-4280-b381-5ea7cdfd5d29', N'bdca3424-c6a9-4306-a3ab-8225c5cad49e', N'Secondary Road (දෙවන මාර්ගය)', 2, N'00000000-0000-0000-0000-000000000001', 1, CAST(N'2025-10-18T05:29:43.1165479' AS DateTime2), N'0fedac8f-6db9-4852-b2d8-9181c94f3bea', NULL)
GO
INSERT [dbo].[Lookups] ([Id], [LookupCategoryId], [Value], [Order], [TenantId], [IsActive], [CreatedDate], [CreatedBy], [ParentLookupId]) VALUES (N'4b9400b0-853b-4448-9344-5f41a369ce1b', N'57a9c82e-dd1b-4cdc-9522-2953bf2644bb', N'Structural Drawings (සංරචනාත්මක රේඛාचित्र)', 5, N'00000000-0000-0000-0000-000000000001', 1, CAST(N'2025-11-13T02:23:56.3372569' AS DateTime2), N'df084cc7-9aa1-436c-b8ba-768a22b2dbcb', NULL)
GO
INSERT [dbo].[Lookups] ([Id], [LookupCategoryId], [Value], [Order], [TenantId], [IsActive], [CreatedDate], [CreatedBy], [ParentLookupId]) VALUES (N'df021336-b008-43d7-a6e3-6064ab05cc20', N'5ebfc638-cd78-4b54-b6eb-3f3c52d7cfab', N'Tourism – Guest House / Resort ( සංචාරක – ගෙස්ට් හවුස් / රිසෝර්ට්)', 18, N'00000000-0000-0000-0000-000000000001', 1, CAST(N'2025-10-18T05:33:03.8916654' AS DateTime2), N'0fedac8f-6db9-4852-b2d8-9181c94f3bea', NULL)
GO
INSERT [dbo].[Lookups] ([Id], [LookupCategoryId], [Value], [Order], [TenantId], [IsActive], [CreatedDate], [CreatedBy], [ParentLookupId]) VALUES (N'034e64e7-e960-40cc-9f14-62a1bddb9a30', N'a6258045-6e56-42e6-9fbb-4d56ebfb5c21', N'Matara District (මාතර දිස්ත්‍රික්කය)', 8, N'00000000-0000-0000-0000-000000000001', 1, CAST(N'2025-10-31T07:43:07.6827146' AS DateTime2), N'df084cc7-9aa1-436c-b8ba-768a22b2dbcb', N'953a193e-9d2a-438d-b850-665b35cf559c')
GO
INSERT [dbo].[Lookups] ([Id], [LookupCategoryId], [Value], [Order], [TenantId], [IsActive], [CreatedDate], [CreatedBy], [ParentLookupId]) VALUES (N'57c9b612-6060-491b-9d9c-62c890a0e4f1', N'8aa6aa1d-878a-42db-81eb-1e9e906cfc78', N'Western Province (බස්නාහිර පළාත)', 1, N'00000000-0000-0000-0000-000000000001', 1, CAST(N'2025-10-30T09:27:58.7593140' AS DateTime2), N'df084cc7-9aa1-436c-b8ba-768a22b2dbcb', NULL)
GO
INSERT [dbo].[Lookups] ([Id], [LookupCategoryId], [Value], [Order], [TenantId], [IsActive], [CreatedDate], [CreatedBy], [ParentLookupId]) VALUES (N'c27ea844-596c-446c-9bc7-634b70fb86d0', N'57a9c82e-dd1b-4cdc-9522-2953bf2644bb', N'Architectural Drawings (නිර්මාණාත්මක රේඛාचित्र)', 4, N'00000000-0000-0000-0000-000000000001', 1, CAST(N'2025-11-13T02:23:56.3342417' AS DateTime2), N'df084cc7-9aa1-436c-b8ba-768a22b2dbcb', NULL)
GO
INSERT [dbo].[Lookups] ([Id], [LookupCategoryId], [Value], [Order], [TenantId], [IsActive], [CreatedDate], [CreatedBy], [ParentLookupId]) VALUES (N'648c3257-36a3-40fc-a471-64664144839e', N'bdca3424-c6a9-4306-a3ab-8225c5cad49e', N'Private Driveway (පෞද්ගලික ධාවන මාර්ගය)', 9, N'00000000-0000-0000-0000-000000000001', 1, CAST(N'2025-10-18T05:29:43.1366371' AS DateTime2), N'0fedac8f-6db9-4852-b2d8-9181c94f3bea', NULL)
GO
INSERT [dbo].[Lookups] ([Id], [LookupCategoryId], [Value], [Order], [TenantId], [IsActive], [CreatedDate], [CreatedBy], [ParentLookupId]) VALUES (N'feb519cf-b78b-436e-9eba-65584a760c09', N'5ebfc638-cd78-4b54-b6eb-3f3c52d7cfab', N'Undeveloped / Vacant Land (අවිකසිත / හිස් ඉඩම)', 6, N'00000000-0000-0000-0000-000000000001', 1, CAST(N'2025-10-18T05:33:03.8373933' AS DateTime2), N'0fedac8f-6db9-4852-b2d8-9181c94f3bea', NULL)
GO
INSERT [dbo].[Lookups] ([Id], [LookupCategoryId], [Value], [Order], [TenantId], [IsActive], [CreatedDate], [CreatedBy], [ParentLookupId]) VALUES (N'b1ab7e71-ec96-497d-8259-655985905ea4', N'9a22cf2d-2d09-488f-a12f-c2a8c72da1a1', N'Residential – High Density (ඉහළ සංග්‍රහිත නිවාස කලාපය)', 1, N'00000000-0000-0000-0000-000000000001', 1, CAST(N'2025-10-18T05:22:44.9563033' AS DateTime2), N'0fedac8f-6db9-4852-b2d8-9181c94f3bea', NULL)
GO
INSERT [dbo].[Lookups] ([Id], [LookupCategoryId], [Value], [Order], [TenantId], [IsActive], [CreatedDate], [CreatedBy], [ParentLookupId]) VALUES (N'953a193e-9d2a-438d-b850-665b35cf559c', N'8aa6aa1d-878a-42db-81eb-1e9e906cfc78', N'Southern Province (දකුණු පළාත)', 3, N'00000000-0000-0000-0000-000000000001', 1, CAST(N'2025-10-30T09:27:58.8129178' AS DateTime2), N'df084cc7-9aa1-436c-b8ba-768a22b2dbcb', NULL)
GO
INSERT [dbo].[Lookups] ([Id], [LookupCategoryId], [Value], [Order], [TenantId], [IsActive], [CreatedDate], [CreatedBy], [ParentLookupId]) VALUES (N'56e3e920-6d98-4785-90cf-68da632b5a11', N'57a9c82e-dd1b-4cdc-9522-2953bf2644bb', N'Approval Letters from External Agencies (බාහිර ආයතන වල අනුමැතිය ලිපි)', 12, N'00000000-0000-0000-0000-000000000001', 1, CAST(N'2025-11-13T02:23:56.3586816' AS DateTime2), N'df084cc7-9aa1-436c-b8ba-768a22b2dbcb', NULL)
GO
INSERT [dbo].[Lookups] ([Id], [LookupCategoryId], [Value], [Order], [TenantId], [IsActive], [CreatedDate], [CreatedBy], [ParentLookupId]) VALUES (N'43d88d52-1084-4429-a1c3-6c6c94db69f1', N'8aa6aa1d-878a-42db-81eb-1e9e906cfc78', N'Central Province (මධ්‍යම පළාත)', 2, N'00000000-0000-0000-0000-000000000001', 1, CAST(N'2025-10-30T09:27:58.8075054' AS DateTime2), N'df084cc7-9aa1-436c-b8ba-768a22b2dbcb', NULL)
GO
INSERT [dbo].[Lookups] ([Id], [LookupCategoryId], [Value], [Order], [TenantId], [IsActive], [CreatedDate], [CreatedBy], [ParentLookupId]) VALUES (N'fd308189-3ec0-4634-a59a-6f96db92d1d0', N'bdca3424-c6a9-4306-a3ab-8225c5cad49e', N'Service Road (සේවා මාර්ගය)', 8, N'00000000-0000-0000-0000-000000000001', 1, CAST(N'2025-10-18T05:29:43.1339421' AS DateTime2), N'0fedac8f-6db9-4852-b2d8-9181c94f3bea', NULL)
GO
INSERT [dbo].[Lookups] ([Id], [LookupCategoryId], [Value], [Order], [TenantId], [IsActive], [CreatedDate], [CreatedBy], [ParentLookupId]) VALUES (N'4bdac114-44a2-4b1f-9b15-714ca69d3dac', N'bdca3424-c6a9-4306-a3ab-8225c5cad49e', N'Footpath / Pedestrian (පියවර මාර්ගය)', 4, N'00000000-0000-0000-0000-000000000001', 1, CAST(N'2025-10-18T05:29:43.1223853' AS DateTime2), N'0fedac8f-6db9-4852-b2d8-9181c94f3bea', NULL)
GO
INSERT [dbo].[Lookups] ([Id], [LookupCategoryId], [Value], [Order], [TenantId], [IsActive], [CreatedDate], [CreatedBy], [ParentLookupId]) VALUES (N'e1732620-faaf-4fa1-81e3-734a07e6b02e', N'731ad210-b4f4-40bb-9f84-0a80d400fcfc', N'Fire Service Department (අග්නි සේවා දෙපාර්තමේන්තුව)', 8, N'00000000-0000-0000-0000-000000000001', 1, CAST(N'2025-10-23T03:25:45.0213570' AS DateTime2), N'0fedac8f-6db9-4852-b2d8-9181c94f3bea', NULL)
GO
INSERT [dbo].[Lookups] ([Id], [LookupCategoryId], [Value], [Order], [TenantId], [IsActive], [CreatedDate], [CreatedBy], [ParentLookupId]) VALUES (N'e130e0e7-7801-4fbb-b0d1-789bbf718452', N'72a18e0a-171f-4e82-8108-a32231ed8ed5', N'Vendors', 5, N'00000000-0000-0000-0000-000000000001', 1, CAST(N'2025-10-18T03:05:32.2989256' AS DateTime2), N'0fedac8f-6db9-4852-b2d8-9181c94f3bea', NULL)
GO
INSERT [dbo].[Lookups] ([Id], [LookupCategoryId], [Value], [Order], [TenantId], [IsActive], [CreatedDate], [CreatedBy], [ParentLookupId]) VALUES (N'470ef96e-2174-4b92-acd5-79bd86736670', N'2e5c2a9d-4600-47dc-b7a0-d35334ae830a', N'Temporary / Shed Structure (තාවකාලික / සෙඩ් ව්‍යූහය)', 8, N'00000000-0000-0000-0000-000000000001', 1, CAST(N'2025-10-18T05:21:30.7787004' AS DateTime2), N'0fedac8f-6db9-4852-b2d8-9181c94f3bea', NULL)
GO
INSERT [dbo].[Lookups] ([Id], [LookupCategoryId], [Value], [Order], [TenantId], [IsActive], [CreatedDate], [CreatedBy], [ParentLookupId]) VALUES (N'f326ea88-533e-4e1e-92ba-7c4b60ec884a', N'a6258045-6e56-42e6-9fbb-4d56ebfb5c21', N'Galle District (ගාල්ල දිස්ත්‍රික්කය)', 7, N'00000000-0000-0000-0000-000000000001', 1, CAST(N'2025-10-31T07:43:07.6731234' AS DateTime2), N'df084cc7-9aa1-436c-b8ba-768a22b2dbcb', N'953a193e-9d2a-438d-b850-665b35cf559c')
GO
INSERT [dbo].[Lookups] ([Id], [LookupCategoryId], [Value], [Order], [TenantId], [IsActive], [CreatedDate], [CreatedBy], [ParentLookupId]) VALUES (N'963ec6a3-850c-482e-bf36-7c5ea4bbd518', N'57a9c82e-dd1b-4cdc-9522-2953bf2644bb', N'Survey Plan (සංක්ෂේප සැලැස්ම / මිනුම් සැලැස්ම)', 2, N'00000000-0000-0000-0000-000000000001', 1, CAST(N'2025-11-13T02:23:56.3285194' AS DateTime2), N'df084cc7-9aa1-436c-b8ba-768a22b2dbcb', NULL)
GO
INSERT [dbo].[Lookups] ([Id], [LookupCategoryId], [Value], [Order], [TenantId], [IsActive], [CreatedDate], [CreatedBy], [ParentLookupId]) VALUES (N'b382cd48-cd32-4d19-a72b-7cd224e4b049', N'731ad210-b4f4-40bb-9f84-0a80d400fcfc', N'Civil Aviation Authority (නාවික ගුවන් සේවා අධිකාරිය)', 14, N'00000000-0000-0000-0000-000000000001', 1, CAST(N'2025-10-23T03:25:45.0388769' AS DateTime2), N'0fedac8f-6db9-4852-b2d8-9181c94f3bea', NULL)
GO
INSERT [dbo].[Lookups] ([Id], [LookupCategoryId], [Value], [Order], [TenantId], [IsActive], [CreatedDate], [CreatedBy], [ParentLookupId]) VALUES (N'cb4e30e3-d091-406e-8499-7faa5a29da1a', N'15252a38-aa42-4a0b-a819-e62ea9892db1', N'test3', 8, N'0fedac8f-6db9-4852-b2d8-9181c94f3bea', 1, CAST(N'2025-10-30T08:38:57.2714722' AS DateTime2), N'0fedac8f-6db9-4852-b2d8-9181c94f3bea', NULL)
GO
INSERT [dbo].[Lookups] ([Id], [LookupCategoryId], [Value], [Order], [TenantId], [IsActive], [CreatedDate], [CreatedBy], [ParentLookupId]) VALUES (N'5f38f770-af2a-45b6-adbf-7fd06fe6e513', N'bdca3424-c6a9-4306-a3ab-8225c5cad49e', N'Highway / Expressway (අධිවේග මාර්ගය / ප්‍රකාශ මාර්ගය)', 6, N'00000000-0000-0000-0000-000000000001', 1, CAST(N'2025-10-18T05:29:43.1283956' AS DateTime2), N'0fedac8f-6db9-4852-b2d8-9181c94f3bea', NULL)
GO
INSERT [dbo].[Lookups] ([Id], [LookupCategoryId], [Value], [Order], [TenantId], [IsActive], [CreatedDate], [CreatedBy], [ParentLookupId]) VALUES (N'127b3387-6120-4b3b-8fd0-807109892e8b', N'9217155c-b165-4165-80ce-a4df50622035', N'Square Meter (වර්ග මීටර්)', 3, N'00000000-0000-0000-0000-000000000001', 1, CAST(N'2025-10-18T05:23:48.1370743' AS DateTime2), N'0fedac8f-6db9-4852-b2d8-9181c94f3bea', NULL)
GO
INSERT [dbo].[Lookups] ([Id], [LookupCategoryId], [Value], [Order], [TenantId], [IsActive], [CreatedDate], [CreatedBy], [ParentLookupId]) VALUES (N'a61f3744-c7ad-46fd-96ab-80b32beab9df', N'731ad210-b4f4-40bb-9f84-0a80d400fcfc', N'Sri Lanka Land Reclamation and Development Corporation (ශ්‍රී ලංකා භූමි පුරප්පාක හා සංවර්ධන සමාගම - SLLRDC)', 12, N'00000000-0000-0000-0000-000000000001', 1, CAST(N'2025-10-23T03:25:45.0330450' AS DateTime2), N'0fedac8f-6db9-4852-b2d8-9181c94f3bea', NULL)
GO
INSERT [dbo].[Lookups] ([Id], [LookupCategoryId], [Value], [Order], [TenantId], [IsActive], [CreatedDate], [CreatedBy], [ParentLookupId]) VALUES (N'723eb9af-c414-4a16-87ed-816b2d26d54e', N'a6258045-6e56-42e6-9fbb-4d56ebfb5c21', N'Trincomalee District (ත්‍රිකුණාමලය දිස්ත්‍රික්කය)', 17, N'00000000-0000-0000-0000-000000000001', 1, CAST(N'2025-10-31T07:43:07.7265588' AS DateTime2), N'df084cc7-9aa1-436c-b8ba-768a22b2dbcb', N'20c2f0cc-f29b-4010-b21a-3dd383a2f574')
GO
INSERT [dbo].[Lookups] ([Id], [LookupCategoryId], [Value], [Order], [TenantId], [IsActive], [CreatedDate], [CreatedBy], [ParentLookupId]) VALUES (N'773e54af-5295-4d89-a9ed-81d650b47dc6', N'5ebfc638-cd78-4b54-b6eb-3f3c52d7cfab', N'Public / Institutional – Hospital / Clinic (පොදු / ආයතනික – රෝහල / ඖෂධාගාර)', 2, N'00000000-0000-0000-0000-000000000001', 1, CAST(N'2025-10-18T05:33:03.8273404' AS DateTime2), N'0fedac8f-6db9-4852-b2d8-9181c94f3bea', NULL)
GO
INSERT [dbo].[Lookups] ([Id], [LookupCategoryId], [Value], [Order], [TenantId], [IsActive], [CreatedDate], [CreatedBy], [ParentLookupId]) VALUES (N'26c10122-26c1-4d89-9d68-82be947f2342', N'15252a38-aa42-4a0b-a819-e62ea9892db1', N'Test1', 3, N'0fedac8f-6db9-4852-b2d8-9181c94f3bea', 1, CAST(N'2025-10-30T08:37:57.0225877' AS DateTime2), N'0fedac8f-6db9-4852-b2d8-9181c94f3bea', NULL)
GO
INSERT [dbo].[Lookups] ([Id], [LookupCategoryId], [Value], [Order], [TenantId], [IsActive], [CreatedDate], [CreatedBy], [ParentLookupId]) VALUES (N'0ee3602a-57c6-476d-a6cd-85b3c53ca53a', N'5ebfc638-cd78-4b54-b6eb-3f3c52d7cfab', N'Agricultural – Livestock / Poultry Farm (කෘෂිකාර්මික – සතුන් / කුකුළා ගොඩනැගිලි)', 4, N'00000000-0000-0000-0000-000000000001', 1, CAST(N'2025-10-18T05:33:03.8322970' AS DateTime2), N'0fedac8f-6db9-4852-b2d8-9181c94f3bea', NULL)
GO
INSERT [dbo].[Lookups] ([Id], [LookupCategoryId], [Value], [Order], [TenantId], [IsActive], [CreatedDate], [CreatedBy], [ParentLookupId]) VALUES (N'4bebf2b5-7613-4010-91f0-86fa4d0aa986', N'57a9c82e-dd1b-4cdc-9522-2953bf2644bb', N'Utility Connection Approvals (සේවා සම්බන්ධතා අනුමැතිය)', 13, N'00000000-0000-0000-0000-000000000001', 1, CAST(N'2025-11-13T02:23:56.3616221' AS DateTime2), N'df084cc7-9aa1-436c-b8ba-768a22b2dbcb', NULL)
GO
INSERT [dbo].[Lookups] ([Id], [LookupCategoryId], [Value], [Order], [TenantId], [IsActive], [CreatedDate], [CreatedBy], [ParentLookupId]) VALUES (N'2ad6c150-0c89-486f-a448-8837c9b115da', N'9217155c-b165-4165-80ce-a4df50622035', N'Acre (ඇකර)', 4, N'00000000-0000-0000-0000-000000000001', 1, CAST(N'2025-10-18T05:23:48.1400069' AS DateTime2), N'0fedac8f-6db9-4852-b2d8-9181c94f3bea', NULL)
GO
INSERT [dbo].[Lookups] ([Id], [LookupCategoryId], [Value], [Order], [TenantId], [IsActive], [CreatedDate], [CreatedBy], [ParentLookupId]) VALUES (N'85ec0e81-d8dd-4daf-aec3-88804777966a', N'690ef4fe-c11a-495a-b4d5-9b919634f285', N'Mawathagama (මාවතගම)', 4, N'00000000-0000-0000-0000-000000000001', 1, CAST(N'2025-10-18T05:29:12.6979083' AS DateTime2), N'0fedac8f-6db9-4852-b2d8-9181c94f3bea', NULL)
GO
INSERT [dbo].[Lookups] ([Id], [LookupCategoryId], [Value], [Order], [TenantId], [IsActive], [CreatedDate], [CreatedBy], [ParentLookupId]) VALUES (N'0985b019-9ad9-4e69-b4db-8a12df21a254', N'5530d4d3-10e0-419a-b88c-f467fdd8307e', N'Ibbagamuwa (ඉබ්බාගමුව)', 5, N'00000000-0000-0000-0000-000000000001', 1, CAST(N'2025-10-18T05:19:03.0370044' AS DateTime2), N'0fedac8f-6db9-4852-b2d8-9181c94f3bea', NULL)
GO
INSERT [dbo].[Lookups] ([Id], [LookupCategoryId], [Value], [Order], [TenantId], [IsActive], [CreatedDate], [CreatedBy], [ParentLookupId]) VALUES (N'ea7ef223-9086-4b86-9b36-8b6c372016f8', N'a6258045-6e56-42e6-9fbb-4d56ebfb5c21', N'Kalutara District (කළුතර දිස්ත්‍රික්කය)', 3, N'00000000-0000-0000-0000-000000000001', 1, CAST(N'2025-10-31T07:43:07.6519843' AS DateTime2), N'df084cc7-9aa1-436c-b8ba-768a22b2dbcb', N'57c9b612-6060-491b-9d9c-62c890a0e4f1')
GO
INSERT [dbo].[Lookups] ([Id], [LookupCategoryId], [Value], [Order], [TenantId], [IsActive], [CreatedDate], [CreatedBy], [ParentLookupId]) VALUES (N'c68fc77c-e7f0-4840-9d22-8cc24962356a', N'690ef4fe-c11a-495a-b4d5-9b919634f285', N'Wariyapola (වර්‍යාපොල)', 6, N'00000000-0000-0000-0000-000000000001', 1, CAST(N'2025-10-18T05:29:12.7036442' AS DateTime2), N'0fedac8f-6db9-4852-b2d8-9181c94f3bea', NULL)
GO
INSERT [dbo].[Lookups] ([Id], [LookupCategoryId], [Value], [Order], [TenantId], [IsActive], [CreatedDate], [CreatedBy], [ParentLookupId]) VALUES (N'5bf739f1-47f0-457c-89b4-8f36c5cf2f68', N'bdca3424-c6a9-4306-a3ab-8225c5cad49e', N'Private Access Road (පෞද්ගලික ප්‍රවේශ මාර්ගය)', 5, N'00000000-0000-0000-0000-000000000001', 1, CAST(N'2025-10-18T05:29:43.1254735' AS DateTime2), N'0fedac8f-6db9-4852-b2d8-9181c94f3bea', NULL)
GO
INSERT [dbo].[Lookups] ([Id], [LookupCategoryId], [Value], [Order], [TenantId], [IsActive], [CreatedDate], [CreatedBy], [ParentLookupId]) VALUES (N'a78e2a7c-8f67-4365-b8b2-8f6f6aa95f42', N'5530d4d3-10e0-419a-b88c-f467fdd8307e', N'Maho (මහෝ)', 8, N'00000000-0000-0000-0000-000000000001', 1, CAST(N'2025-10-18T05:19:03.0444790' AS DateTime2), N'0fedac8f-6db9-4852-b2d8-9181c94f3bea', NULL)
GO
INSERT [dbo].[Lookups] ([Id], [LookupCategoryId], [Value], [Order], [TenantId], [IsActive], [CreatedDate], [CreatedBy], [ParentLookupId]) VALUES (N'86318755-6731-4b20-b6ed-934914047f51', N'731ad210-b4f4-40bb-9f84-0a80d400fcfc', N'National Building Research Organisation (ජාතික ගොඩනැගිලි පර්යේෂණ ආයතනය - NBRO)', 1, N'00000000-0000-0000-0000-000000000001', 1, CAST(N'2025-10-23T03:25:44.9628776' AS DateTime2), N'0fedac8f-6db9-4852-b2d8-9181c94f3bea', NULL)
GO
INSERT [dbo].[Lookups] ([Id], [LookupCategoryId], [Value], [Order], [TenantId], [IsActive], [CreatedDate], [CreatedBy], [ParentLookupId]) VALUES (N'026f0f68-ad18-4b8f-8b5e-97b295c17bc0', N'15252a38-aa42-4a0b-a819-e62ea9892db1', N'test2', 5, N'00000000-0000-0000-0000-000000000001', 1, CAST(N'2025-10-30T08:38:57.2644696' AS DateTime2), N'0fedac8f-6db9-4852-b2d8-9181c94f3bea', NULL)
GO
INSERT [dbo].[Lookups] ([Id], [LookupCategoryId], [Value], [Order], [TenantId], [IsActive], [CreatedDate], [CreatedBy], [ParentLookupId]) VALUES (N'1d73f787-c242-482f-bcbc-9a70f01bd4f4', N'd92f10aa-14e1-4a95-a69d-2dbb16a743b1', N'Final Completion Inspection (අවසන් නිමාව පරීක්ෂණය)', 10, N'00000000-0000-0000-0000-000000000001', 1, CAST(N'2025-11-13T02:21:41.2764754' AS DateTime2), N'df084cc7-9aa1-436c-b8ba-768a22b2dbcb', NULL)
GO
INSERT [dbo].[Lookups] ([Id], [LookupCategoryId], [Value], [Order], [TenantId], [IsActive], [CreatedDate], [CreatedBy], [ParentLookupId]) VALUES (N'99944d0e-c13a-4f0b-a5ec-9bc67a635f17', N'72a18e0a-171f-4e82-8108-a32231ed8ed5', N'BuildingAndPlanning', 2, N'00000000-0000-0000-0000-000000000001', 1, CAST(N'2025-10-18T03:05:32.2817761' AS DateTime2), N'0fedac8f-6db9-4852-b2d8-9181c94f3bea', NULL)
GO
INSERT [dbo].[Lookups] ([Id], [LookupCategoryId], [Value], [Order], [TenantId], [IsActive], [CreatedDate], [CreatedBy], [ParentLookupId]) VALUES (N'ea86a28b-62aa-4015-b39c-9bda2bc1bfd7', N'2e5c2a9d-4600-47dc-b7a0-d35334ae830a', N'Institutional Building (ආයතනික ගොඩනැගිල්ල)', 5, N'00000000-0000-0000-0000-000000000001', 1, CAST(N'2025-10-18T05:21:30.7698840' AS DateTime2), N'0fedac8f-6db9-4852-b2d8-9181c94f3bea', NULL)
GO
INSERT [dbo].[Lookups] ([Id], [LookupCategoryId], [Value], [Order], [TenantId], [IsActive], [CreatedDate], [CreatedBy], [ParentLookupId]) VALUES (N'fa9699d7-ae71-4de3-8fa5-9de2437eea56', N'a6258045-6e56-42e6-9fbb-4d56ebfb5c21', N'Kegalle District (කෑගල්ල දිස්ත්‍රික්කය)', 25, N'00000000-0000-0000-0000-000000000001', 1, CAST(N'2025-10-31T07:43:07.7688905' AS DateTime2), N'df084cc7-9aa1-436c-b8ba-768a22b2dbcb', N'd3933cce-2b0b-4130-b752-f7f29f8c2781')
GO
INSERT [dbo].[Lookups] ([Id], [LookupCategoryId], [Value], [Order], [TenantId], [IsActive], [CreatedDate], [CreatedBy], [ParentLookupId]) VALUES (N'43bcc7de-08e6-46a9-a4d3-9fddc4720875', N'a6258045-6e56-42e6-9fbb-4d56ebfb5c21', N'Anuradhapura District (අනුරාධපුර දිස්ත්‍රික්කය)', 20, N'00000000-0000-0000-0000-000000000001', 1, CAST(N'2025-10-31T07:43:07.7426157' AS DateTime2), N'df084cc7-9aa1-436c-b8ba-768a22b2dbcb', N'eacbecec-a691-4fe4-8ded-eb02b6d5f292')
GO
INSERT [dbo].[Lookups] ([Id], [LookupCategoryId], [Value], [Order], [TenantId], [IsActive], [CreatedDate], [CreatedBy], [ParentLookupId]) VALUES (N'022b75b9-b459-4d36-8de3-a5e0462149f5', N'5ebfc638-cd78-4b54-b6eb-3f3c52d7cfab', N'Commercial – Office Building (වාණිජ – කාර්යාල ගොඩනැගිල්ල)', 12, N'00000000-0000-0000-0000-000000000001', 1, CAST(N'2025-10-18T05:33:03.8584175' AS DateTime2), N'0fedac8f-6db9-4852-b2d8-9181c94f3bea', NULL)
GO
INSERT [dbo].[Lookups] ([Id], [LookupCategoryId], [Value], [Order], [TenantId], [IsActive], [CreatedDate], [CreatedBy], [ParentLookupId]) VALUES (N'98965ee7-7d40-4bb4-b31e-a7e808e57bf1', N'5530d4d3-10e0-419a-b88c-f467fdd8307e', N'Polgahawela (පොල්ගහවෙල)', 2, N'00000000-0000-0000-0000-000000000001', 1, CAST(N'2025-10-18T05:19:03.0295553' AS DateTime2), N'0fedac8f-6db9-4852-b2d8-9181c94f3bea', NULL)
GO
INSERT [dbo].[Lookups] ([Id], [LookupCategoryId], [Value], [Order], [TenantId], [IsActive], [CreatedDate], [CreatedBy], [ParentLookupId]) VALUES (N'd8e9565b-3f9e-4000-a440-abb990b97a68', N'd92f10aa-14e1-4a95-a69d-2dbb16a743b1', N'Water Supply Inspection (ජල සැපයුම් පරීක්ෂණය)', 8, N'00000000-0000-0000-0000-000000000001', 1, CAST(N'2025-11-13T02:21:41.2687731' AS DateTime2), N'df084cc7-9aa1-436c-b8ba-768a22b2dbcb', NULL)
GO
INSERT [dbo].[Lookups] ([Id], [LookupCategoryId], [Value], [Order], [TenantId], [IsActive], [CreatedDate], [CreatedBy], [ParentLookupId]) VALUES (N'e5a99947-67ec-46f6-900b-abc1dc1a78b5', N'5ebfc638-cd78-4b54-b6eb-3f3c52d7cfab', N'Commercial – Hotel / Restaurant (වාණිජ – හෝටලය / අවන්හල)', 14, N'00000000-0000-0000-0000-000000000001', 1, CAST(N'2025-10-18T05:33:03.8736441' AS DateTime2), N'0fedac8f-6db9-4852-b2d8-9181c94f3bea', NULL)
GO
INSERT [dbo].[Lookups] ([Id], [LookupCategoryId], [Value], [Order], [TenantId], [IsActive], [CreatedDate], [CreatedBy], [ParentLookupId]) VALUES (N'c6fd0106-fe8c-49ad-8bd4-ac909a7a511a', N'a6258045-6e56-42e6-9fbb-4d56ebfb5c21', N'Vavuniya District (වව්නියාව දිස්ත්‍රික්කය)', 13, N'00000000-0000-0000-0000-000000000001', 1, CAST(N'2025-10-31T07:43:07.7065148' AS DateTime2), N'df084cc7-9aa1-436c-b8ba-768a22b2dbcb', N'e82aabed-8ac3-42ad-94d8-5db181fb14d1')
GO
INSERT [dbo].[Lookups] ([Id], [LookupCategoryId], [Value], [Order], [TenantId], [IsActive], [CreatedDate], [CreatedBy], [ParentLookupId]) VALUES (N'5dd28060-611a-43d4-ae35-ad1f45967ab8', N'd92f10aa-14e1-4a95-a69d-2dbb16a743b1', N'Access Road Inspection (ප්‍රවේශ මාර්ග පරීක්ෂණය)', 9, N'00000000-0000-0000-0000-000000000001', 1, CAST(N'2025-11-13T02:21:41.2728345' AS DateTime2), N'df084cc7-9aa1-436c-b8ba-768a22b2dbcb', NULL)
GO
INSERT [dbo].[Lookups] ([Id], [LookupCategoryId], [Value], [Order], [TenantId], [IsActive], [CreatedDate], [CreatedBy], [ParentLookupId]) VALUES (N'236e8091-716c-48a3-bfbb-b112f29b80fc', N'9a22cf2d-2d09-488f-a12f-c2a8c72da1a1', N'Agricultural (කෘෂිකාර්මික කලාපය)', 7, N'00000000-0000-0000-0000-000000000001', 1, CAST(N'2025-10-18T05:22:44.9789321' AS DateTime2), N'0fedac8f-6db9-4852-b2d8-9181c94f3bea', NULL)
GO
INSERT [dbo].[Lookups] ([Id], [LookupCategoryId], [Value], [Order], [TenantId], [IsActive], [CreatedDate], [CreatedBy], [ParentLookupId]) VALUES (N'bc4becb1-4c0a-4c40-a50b-b1cc35ce1d17', N'731ad210-b4f4-40bb-9f84-0a80d400fcfc', N'Coastal Conservation Department (පෙරරේඛා සංරක්ෂණ දෙපාර්තමේන්තුව - CCD)', 4, N'00000000-0000-0000-0000-000000000001', 1, CAST(N'2025-10-23T03:25:45.0070802' AS DateTime2), N'0fedac8f-6db9-4852-b2d8-9181c94f3bea', NULL)
GO
INSERT [dbo].[Lookups] ([Id], [LookupCategoryId], [Value], [Order], [TenantId], [IsActive], [CreatedDate], [CreatedBy], [ParentLookupId]) VALUES (N'ca348567-411d-40ec-9c3d-b38405cb2f5f', N'9a22cf2d-2d09-488f-a12f-c2a8c72da1a1', N'Residential – Low Density (අඩු සංග්‍රහිත නිවාස කලාපය)', 2, N'00000000-0000-0000-0000-000000000001', 1, CAST(N'2025-10-18T05:22:44.9596558' AS DateTime2), N'0fedac8f-6db9-4852-b2d8-9181c94f3bea', NULL)
GO
INSERT [dbo].[Lookups] ([Id], [LookupCategoryId], [Value], [Order], [TenantId], [IsActive], [CreatedDate], [CreatedBy], [ParentLookupId]) VALUES (N'1b6b912a-5de1-408c-ac0c-b4287fc90530', N'9217155c-b165-4165-80ce-a4df50622035', N'Square Feet (වර්ග අඩි)', 2, N'00000000-0000-0000-0000-000000000001', 1, CAST(N'2025-10-18T05:23:48.1342071' AS DateTime2), N'0fedac8f-6db9-4852-b2d8-9181c94f3bea', NULL)
GO
INSERT [dbo].[Lookups] ([Id], [LookupCategoryId], [Value], [Order], [TenantId], [IsActive], [CreatedDate], [CreatedBy], [ParentLookupId]) VALUES (N'42945388-83c1-4385-9826-b5926eb1363c', N'731ad210-b4f4-40bb-9f84-0a80d400fcfc', N'Central Environmental Authority (මධ්‍යම පරිසර අධිකාරිය - CEA)', 2, N'00000000-0000-0000-0000-000000000001', 1, CAST(N'2025-10-23T03:25:44.9953223' AS DateTime2), N'0fedac8f-6db9-4852-b2d8-9181c94f3bea', NULL)
GO
INSERT [dbo].[Lookups] ([Id], [LookupCategoryId], [Value], [Order], [TenantId], [IsActive], [CreatedDate], [CreatedBy], [ParentLookupId]) VALUES (N'ed251350-6517-47de-a73d-b79bf6fdd8ee', N'8aa6aa1d-878a-42db-81eb-1e9e906cfc78', N'North Western Province (වයඹ පළාත)', 6, N'00000000-0000-0000-0000-000000000001', 1, CAST(N'2025-10-30T09:27:58.8233003' AS DateTime2), N'df084cc7-9aa1-436c-b8ba-768a22b2dbcb', NULL)
GO
INSERT [dbo].[Lookups] ([Id], [LookupCategoryId], [Value], [Order], [TenantId], [IsActive], [CreatedDate], [CreatedBy], [ParentLookupId]) VALUES (N'b34e3edc-c6be-47e6-a98e-b7ed7ff39c48', N'731ad210-b4f4-40bb-9f84-0a80d400fcfc', N'Forest Department (වනාන්තර දෙපාර්තමේන්තුව)', 10, N'00000000-0000-0000-0000-000000000001', 1, CAST(N'2025-10-23T03:25:45.0268600' AS DateTime2), N'0fedac8f-6db9-4852-b2d8-9181c94f3bea', NULL)
GO
INSERT [dbo].[Lookups] ([Id], [LookupCategoryId], [Value], [Order], [TenantId], [IsActive], [CreatedDate], [CreatedBy], [ParentLookupId]) VALUES (N'b64853d9-e365-4176-af21-b924d2b87c4f', N'9a22cf2d-2d09-488f-a12f-c2a8c72da1a1', N'Special Development Zone (විශේෂ සංවර්ධන කලාපය)', 12, N'00000000-0000-0000-0000-000000000001', 1, CAST(N'2025-10-18T05:22:44.9936180' AS DateTime2), N'0fedac8f-6db9-4852-b2d8-9181c94f3bea', NULL)
GO
INSERT [dbo].[Lookups] ([Id], [LookupCategoryId], [Value], [Order], [TenantId], [IsActive], [CreatedDate], [CreatedBy], [ParentLookupId]) VALUES (N'b82017dd-0016-4a2d-8d34-ba11013e16de', N'690ef4fe-c11a-495a-b4d5-9b919634f285', N'Ibbagamuwa (ඉබ්බාගමුව)', 5, N'00000000-0000-0000-0000-000000000001', 1, CAST(N'2025-10-18T05:29:12.7006365' AS DateTime2), N'0fedac8f-6db9-4852-b2d8-9181c94f3bea', NULL)
GO
INSERT [dbo].[Lookups] ([Id], [LookupCategoryId], [Value], [Order], [TenantId], [IsActive], [CreatedDate], [CreatedBy], [ParentLookupId]) VALUES (N'b6388316-4546-4dd4-baf5-ba79a2a545b2', N'57a9c82e-dd1b-4cdc-9522-2953bf2644bb', N'Electrical Layout (විදුලි සැලැස්ම)', 6, N'00000000-0000-0000-0000-000000000001', 1, CAST(N'2025-11-13T02:23:56.3417636' AS DateTime2), N'df084cc7-9aa1-436c-b8ba-768a22b2dbcb', NULL)
GO
INSERT [dbo].[Lookups] ([Id], [LookupCategoryId], [Value], [Order], [TenantId], [IsActive], [CreatedDate], [CreatedBy], [ParentLookupId]) VALUES (N'3689a485-5ae3-464e-8220-baaec979bdb6', N'72a18e0a-171f-4e82-8108-a32231ed8ed5', N'Permits', 3, N'00000000-0000-0000-0000-000000000001', 1, CAST(N'2025-10-18T03:05:32.2859711' AS DateTime2), N'0fedac8f-6db9-4852-b2d8-9181c94f3bea', NULL)
GO
INSERT [dbo].[Lookups] ([Id], [LookupCategoryId], [Value], [Order], [TenantId], [IsActive], [CreatedDate], [CreatedBy], [ParentLookupId]) VALUES (N'818ca9e4-6ec0-444d-95e1-be0fc77fd138', N'72a18e0a-171f-4e82-8108-a32231ed8ed5', N'Photos', 1, N'00000000-0000-0000-0000-000000000001', 1, CAST(N'2025-10-18T03:05:32.2355117' AS DateTime2), N'0fedac8f-6db9-4852-b2d8-9181c94f3bea', NULL)
GO
INSERT [dbo].[Lookups] ([Id], [LookupCategoryId], [Value], [Order], [TenantId], [IsActive], [CreatedDate], [CreatedBy], [ParentLookupId]) VALUES (N'c702f08a-8951-4589-97ad-c450289a8f24', N'57a9c82e-dd1b-4cdc-9522-2953bf2644bb', N'Environmental Clearance Report (පරිසර අනුමැතිය වාර්තාව)', 8, N'00000000-0000-0000-0000-000000000001', 1, CAST(N'2025-11-13T02:23:56.3472978' AS DateTime2), N'df084cc7-9aa1-436c-b8ba-768a22b2dbcb', NULL)
GO
INSERT [dbo].[Lookups] ([Id], [LookupCategoryId], [Value], [Order], [TenantId], [IsActive], [CreatedDate], [CreatedBy], [ParentLookupId]) VALUES (N'd1c31b49-a4b1-4b10-810f-c4796e89f1a9', N'731ad210-b4f4-40bb-9f84-0a80d400fcfc', N'Department of Agrarian Development (ග්‍රාමීය කෘෂිකාර්මික සංවර්ධන දෙපාර්තමේන්තුව)', 11, N'00000000-0000-0000-0000-000000000001', 1, CAST(N'2025-10-23T03:25:45.0305747' AS DateTime2), N'0fedac8f-6db9-4852-b2d8-9181c94f3bea', NULL)
GO
INSERT [dbo].[Lookups] ([Id], [LookupCategoryId], [Value], [Order], [TenantId], [IsActive], [CreatedDate], [CreatedBy], [ParentLookupId]) VALUES (N'7b3411e8-d373-4edc-9ec0-c4f2b6d1e1ac', N'd92f10aa-14e1-4a95-a69d-2dbb16a743b1', N'Electrical Safety Inspection (විදුලි ආරක්ෂක පරීක්ෂණය)', 6, N'00000000-0000-0000-0000-000000000001', 1, CAST(N'2025-11-13T02:21:41.2432065' AS DateTime2), N'df084cc7-9aa1-436c-b8ba-768a22b2dbcb', NULL)
GO
INSERT [dbo].[Lookups] ([Id], [LookupCategoryId], [Value], [Order], [TenantId], [IsActive], [CreatedDate], [CreatedBy], [ParentLookupId]) VALUES (N'327ed055-0ba7-40e9-aac4-c4f928500d5e', N'd92f10aa-14e1-4a95-a69d-2dbb16a743b1', N'Site Inspection Report #2 (ස්ථල පරීක්ෂණ වාර්තාව #2)', 2, N'00000000-0000-0000-0000-000000000001', 1, CAST(N'2025-11-13T02:21:41.2238934' AS DateTime2), N'df084cc7-9aa1-436c-b8ba-768a22b2dbcb', NULL)
GO
INSERT [dbo].[Lookups] ([Id], [LookupCategoryId], [Value], [Order], [TenantId], [IsActive], [CreatedDate], [CreatedBy], [ParentLookupId]) VALUES (N'727c0056-6b2d-499d-aba9-caa918f384be', N'5ebfc638-cd78-4b54-b6eb-3f3c52d7cfab', N'Agricultural – Paddy Field (කෘෂිකාර්මික – වැව)', 3, N'00000000-0000-0000-0000-000000000001', 1, CAST(N'2025-10-18T05:33:03.8298901' AS DateTime2), N'0fedac8f-6db9-4852-b2d8-9181c94f3bea', NULL)
GO
INSERT [dbo].[Lookups] ([Id], [LookupCategoryId], [Value], [Order], [TenantId], [IsActive], [CreatedDate], [CreatedBy], [ParentLookupId]) VALUES (N'1c83e22a-7281-4d4a-92c1-cb34f87499ce', N'd92f10aa-14e1-4a95-a69d-2dbb16a743b1', N'Fire Safety Inspection (අග්නි ආරක්ෂක පරීක්ෂණය)', 5, N'00000000-0000-0000-0000-000000000001', 1, CAST(N'2025-11-13T02:21:41.2390500' AS DateTime2), N'df084cc7-9aa1-436c-b8ba-768a22b2dbcb', NULL)
GO
INSERT [dbo].[Lookups] ([Id], [LookupCategoryId], [Value], [Order], [TenantId], [IsActive], [CreatedDate], [CreatedBy], [ParentLookupId]) VALUES (N'5ad7a9f3-1d65-474b-8053-cf4acfc2f4d8', N'731ad210-b4f4-40bb-9f84-0a80d400fcfc', N'Department of Archaeology (පුරාවිද්‍යා දෙපාර්තමේන්තුව)', 9, N'00000000-0000-0000-0000-000000000001', 1, CAST(N'2025-10-23T03:25:45.0241499' AS DateTime2), N'0fedac8f-6db9-4852-b2d8-9181c94f3bea', NULL)
GO
INSERT [dbo].[Lookups] ([Id], [LookupCategoryId], [Value], [Order], [TenantId], [IsActive], [CreatedDate], [CreatedBy], [ParentLookupId]) VALUES (N'cfa1555f-56e1-4f9d-9f03-d062b74fc7ec', N'5ebfc638-cd78-4b54-b6eb-3f3c52d7cfab', N'Industrial – Heavy Industry (කාර්මික – දුර්වල කාර්මිකය)', 15, N'00000000-0000-0000-0000-000000000001', 1, CAST(N'2025-10-18T05:33:03.8766708' AS DateTime2), N'0fedac8f-6db9-4852-b2d8-9181c94f3bea', NULL)
GO
INSERT [dbo].[Lookups] ([Id], [LookupCategoryId], [Value], [Order], [TenantId], [IsActive], [CreatedDate], [CreatedBy], [ParentLookupId]) VALUES (N'3e966d63-25f1-4066-80ac-d1081012ebfa', N'731ad210-b4f4-40bb-9f84-0a80d400fcfc', N'National Water Supply & Drainage Board (ජාතික ජල සැපයුම් හා නිකාස මණ්ඩලය - NWSDB)', 7, N'00000000-0000-0000-0000-000000000001', 1, CAST(N'2025-10-23T03:25:45.0186697' AS DateTime2), N'0fedac8f-6db9-4852-b2d8-9181c94f3bea', NULL)
GO
INSERT [dbo].[Lookups] ([Id], [LookupCategoryId], [Value], [Order], [TenantId], [IsActive], [CreatedDate], [CreatedBy], [ParentLookupId]) VALUES (N'd118c8b0-1d35-4fa6-8960-d160c98c79b4', N'2adc9b4a-a290-4df2-a935-78df48ac316a', N'Provincial Council Owned (පලාත් සභා අයිතිය)', 3, N'00000000-0000-0000-0000-000000000001', 1, CAST(N'2025-10-18T05:31:36.8893316' AS DateTime2), N'0fedac8f-6db9-4852-b2d8-9181c94f3bea', NULL)
GO
INSERT [dbo].[Lookups] ([Id], [LookupCategoryId], [Value], [Order], [TenantId], [IsActive], [CreatedDate], [CreatedBy], [ParentLookupId]) VALUES (N'1040cf01-cd64-40e1-8260-d23e080340d8', N'72a18e0a-171f-4e82-8108-a32231ed8ed5', N'Construction', 4, N'00000000-0000-0000-0000-000000000001', 1, CAST(N'2025-10-18T03:05:32.2899237' AS DateTime2), N'0fedac8f-6db9-4852-b2d8-9181c94f3bea', NULL)
GO
INSERT [dbo].[Lookups] ([Id], [LookupCategoryId], [Value], [Order], [TenantId], [IsActive], [CreatedDate], [CreatedBy], [ParentLookupId]) VALUES (N'04bb41da-5b66-4479-a058-d46dfdc3853f', N'5ebfc638-cd78-4b54-b6eb-3f3c52d7cfab', N'Residential – Boarding / Hostel (නිවාස – බෝඩින් / නේවාසිකා)', 10, N'00000000-0000-0000-0000-000000000001', 1, CAST(N'2025-10-18T05:33:03.8530893' AS DateTime2), N'0fedac8f-6db9-4852-b2d8-9181c94f3bea', NULL)
GO
INSERT [dbo].[Lookups] ([Id], [LookupCategoryId], [Value], [Order], [TenantId], [IsActive], [CreatedDate], [CreatedBy], [ParentLookupId]) VALUES (N'474d193f-8fdb-47d4-b648-d6ac139713bc', N'a6258045-6e56-42e6-9fbb-4d56ebfb5c21', N'Ampara District (අම්පාර දිස්ත්‍රික්කය)', 16, N'00000000-0000-0000-0000-000000000001', 1, CAST(N'2025-10-31T07:43:07.7221795' AS DateTime2), N'df084cc7-9aa1-436c-b8ba-768a22b2dbcb', N'20c2f0cc-f29b-4010-b21a-3dd383a2f574')
GO
INSERT [dbo].[Lookups] ([Id], [LookupCategoryId], [Value], [Order], [TenantId], [IsActive], [CreatedDate], [CreatedBy], [ParentLookupId]) VALUES (N'6c6a9f76-4341-40ad-91c8-d78686fa57fa', N'5ebfc638-cd78-4b54-b6eb-3f3c52d7cfab', N'Residential – Apartment / Flat (නිවාස – අපාට්මන්ට් / ෆ්ලැට්)', 17, N'00000000-0000-0000-0000-000000000001', 1, CAST(N'2025-10-18T05:33:03.8867330' AS DateTime2), N'0fedac8f-6db9-4852-b2d8-9181c94f3bea', NULL)
GO
INSERT [dbo].[Lookups] ([Id], [LookupCategoryId], [Value], [Order], [TenantId], [IsActive], [CreatedDate], [CreatedBy], [ParentLookupId]) VALUES (N'a8d9223d-dd97-4a9a-a904-d7a67dedcea9', N'9a22cf2d-2d09-488f-a12f-c2a8c72da1a1', N'Institutional / Government (ආයතනික / රාජ්‍ය කලාපය)', 11, N'00000000-0000-0000-0000-000000000001', 1, CAST(N'2025-10-18T05:22:44.9906719' AS DateTime2), N'0fedac8f-6db9-4852-b2d8-9181c94f3bea', NULL)
GO
INSERT [dbo].[Lookups] ([Id], [LookupCategoryId], [Value], [Order], [TenantId], [IsActive], [CreatedDate], [CreatedBy], [ParentLookupId]) VALUES (N'ec3d2918-9912-4eb2-aaee-d837f8cdd31c', N'2adc9b4a-a290-4df2-a935-78df48ac316a', N'Other (වෙනත්)', 9, N'00000000-0000-0000-0000-000000000001', 1, CAST(N'2025-10-18T05:31:36.9041584' AS DateTime2), N'0fedac8f-6db9-4852-b2d8-9181c94f3bea', NULL)
GO
INSERT [dbo].[Lookups] ([Id], [LookupCategoryId], [Value], [Order], [TenantId], [IsActive], [CreatedDate], [CreatedBy], [ParentLookupId]) VALUES (N'50f84dc3-ba06-4db6-bb38-db9fa47d2e67', N'a6258045-6e56-42e6-9fbb-4d56ebfb5c21', N'Puttalam District (පුත්තලම දිස්ත්‍රික්කය)', 19, N'00000000-0000-0000-0000-000000000001', 1, CAST(N'2025-10-31T07:43:07.7371107' AS DateTime2), N'df084cc7-9aa1-436c-b8ba-768a22b2dbcb', N'ed251350-6517-47de-a73d-b79bf6fdd8ee')
GO
INSERT [dbo].[Lookups] ([Id], [LookupCategoryId], [Value], [Order], [TenantId], [IsActive], [CreatedDate], [CreatedBy], [ParentLookupId]) VALUES (N'61bb0ac8-4f21-4e94-ab83-ddb526867066', N'9a22cf2d-2d09-488f-a12f-c2a8c72da1a1', N'Commercial – Central Business District (වණිජ – මධ්‍යම ව්‍යාපාර කලාපය)', 3, N'00000000-0000-0000-0000-000000000001', 1, CAST(N'2025-10-18T05:22:44.9625824' AS DateTime2), N'0fedac8f-6db9-4852-b2d8-9181c94f3bea', NULL)
GO
INSERT [dbo].[Lookups] ([Id], [LookupCategoryId], [Value], [Order], [TenantId], [IsActive], [CreatedDate], [CreatedBy], [ParentLookupId]) VALUES (N'c4c3e94e-e2c6-44bf-8265-de3271494411', N'5530d4d3-10e0-419a-b88c-f467fdd8307e', N'Kurunegala Rural (කුරුණෑගල ගම්මහල්)', 10, N'00000000-0000-0000-0000-000000000001', 1, CAST(N'2025-10-18T05:19:03.0502624' AS DateTime2), N'0fedac8f-6db9-4852-b2d8-9181c94f3bea', NULL)
GO
INSERT [dbo].[Lookups] ([Id], [LookupCategoryId], [Value], [Order], [TenantId], [IsActive], [CreatedDate], [CreatedBy], [ParentLookupId]) VALUES (N'fce46548-5243-4f9f-b92d-ded12d88635d', N'57a9c82e-dd1b-4cdc-9522-2953bf2644bb', N'Building Application Form (ගොඩනැගිලි අයදුම්පත්‍රය)', 11, N'00000000-0000-0000-0000-000000000001', 1, CAST(N'2025-11-13T02:23:56.3556572' AS DateTime2), N'df084cc7-9aa1-436c-b8ba-768a22b2dbcb', NULL)
GO
INSERT [dbo].[Lookups] ([Id], [LookupCategoryId], [Value], [Order], [TenantId], [IsActive], [CreatedDate], [CreatedBy], [ParentLookupId]) VALUES (N'20708def-20c0-4518-8021-e04269dd7384', N'a6258045-6e56-42e6-9fbb-4d56ebfb5c21', N'Badulla District (බදුල්ල දිස්ත්‍රික්කය)', 22, N'00000000-0000-0000-0000-000000000001', 1, CAST(N'2025-10-31T07:43:07.7533941' AS DateTime2), N'df084cc7-9aa1-436c-b8ba-768a22b2dbcb', N'0df153fe-081b-4392-9844-2923e01d292f')
GO
INSERT [dbo].[Lookups] ([Id], [LookupCategoryId], [Value], [Order], [TenantId], [IsActive], [CreatedDate], [CreatedBy], [ParentLookupId]) VALUES (N'4b2b4b8f-a581-4172-b179-e0624e46717b', N'2e5c2a9d-4600-47dc-b7a0-d35334ae830a', N'Residential Building (නිවාස ගොඩනැගිල්ල)', 1, N'00000000-0000-0000-0000-000000000001', 1, CAST(N'2025-10-18T05:21:30.7561511' AS DateTime2), N'0fedac8f-6db9-4852-b2d8-9181c94f3bea', NULL)
GO
INSERT [dbo].[Lookups] ([Id], [LookupCategoryId], [Value], [Order], [TenantId], [IsActive], [CreatedDate], [CreatedBy], [ParentLookupId]) VALUES (N'1d7d2c7e-f4e9-4666-a421-e21b78d60925', N'2e5c2a9d-4600-47dc-b7a0-d35334ae830a', N'Commercial Building (ව්‍යාපාරික ගොඩනැගිල්ල)', 2, N'00000000-0000-0000-0000-000000000001', 1, CAST(N'2025-10-18T05:21:30.7610414' AS DateTime2), N'0fedac8f-6db9-4852-b2d8-9181c94f3bea', NULL)
GO
INSERT [dbo].[Lookups] ([Id], [LookupCategoryId], [Value], [Order], [TenantId], [IsActive], [CreatedDate], [CreatedBy], [ParentLookupId]) VALUES (N'f13f861d-a3a8-441e-a8d8-e3e063012fbd', N'a6258045-6e56-42e6-9fbb-4d56ebfb5c21', N'Gampaha District (ගම්පහ දිස්ත්‍රික්කය)', 2, N'00000000-0000-0000-0000-000000000001', 1, CAST(N'2025-10-31T07:43:07.6448257' AS DateTime2), N'df084cc7-9aa1-436c-b8ba-768a22b2dbcb', N'57c9b612-6060-491b-9d9c-62c890a0e4f1')
GO
INSERT [dbo].[Lookups] ([Id], [LookupCategoryId], [Value], [Order], [TenantId], [IsActive], [CreatedDate], [CreatedBy], [ParentLookupId]) VALUES (N'6011952c-8042-4a4c-a549-e510f1921ad0', N'731ad210-b4f4-40bb-9f84-0a80d400fcfc', N'Local Authority Health Department (ප්‍රාදේශීය සෞඛ්‍ය අංශය)', 13, N'00000000-0000-0000-0000-000000000001', 1, CAST(N'2025-10-23T03:25:45.0366150' AS DateTime2), N'0fedac8f-6db9-4852-b2d8-9181c94f3bea', NULL)
GO
INSERT [dbo].[Lookups] ([Id], [LookupCategoryId], [Value], [Order], [TenantId], [IsActive], [CreatedDate], [CreatedBy], [ParentLookupId]) VALUES (N'9728d647-3ddc-47a5-85e7-e5b389634b6c', N'a6258045-6e56-42e6-9fbb-4d56ebfb5c21', N'Nuwara Eliya District (නුවර එළිය දිස්ත්‍රික්කය)', 6, N'00000000-0000-0000-0000-000000000001', 1, CAST(N'2025-10-31T07:43:07.6687903' AS DateTime2), N'df084cc7-9aa1-436c-b8ba-768a22b2dbcb', N'43d88d52-1084-4429-a1c3-6c6c94db69f1')
GO
INSERT [dbo].[Lookups] ([Id], [LookupCategoryId], [Value], [Order], [TenantId], [IsActive], [CreatedDate], [CreatedBy], [ParentLookupId]) VALUES (N'81ca5721-a25d-44b2-94ba-eab15080cc4c', N'2e5c2a9d-4600-47dc-b7a0-d35334ae830a', N'Other Construction Type (වෙනත් ගොඩනැගිල්ල වර්ග)', 10, N'00000000-0000-0000-0000-000000000001', 1, CAST(N'2025-10-18T05:21:30.7845085' AS DateTime2), N'0fedac8f-6db9-4852-b2d8-9181c94f3bea', NULL)
GO
INSERT [dbo].[Lookups] ([Id], [LookupCategoryId], [Value], [Order], [TenantId], [IsActive], [CreatedDate], [CreatedBy], [ParentLookupId]) VALUES (N'eacbecec-a691-4fe4-8ded-eb02b6d5f292', N'8aa6aa1d-878a-42db-81eb-1e9e906cfc78', N'North Central Province (උතුරු මැද පළාත)', 7, N'00000000-0000-0000-0000-000000000001', 1, CAST(N'2025-10-30T09:27:58.8265404' AS DateTime2), N'df084cc7-9aa1-436c-b8ba-768a22b2dbcb', NULL)
GO
INSERT [dbo].[Lookups] ([Id], [LookupCategoryId], [Value], [Order], [TenantId], [IsActive], [CreatedDate], [CreatedBy], [ParentLookupId]) VALUES (N'cfce95aa-596e-4cbf-81b7-eb4cf8cff622', N'2e5c2a9d-4600-47dc-b7a0-d35334ae830a', N'Renovation / Extension (නවීකරණය / දිගුව)', 9, N'00000000-0000-0000-0000-000000000001', 1, CAST(N'2025-10-18T05:21:30.7814482' AS DateTime2), N'0fedac8f-6db9-4852-b2d8-9181c94f3bea', NULL)
GO
INSERT [dbo].[Lookups] ([Id], [LookupCategoryId], [Value], [Order], [TenantId], [IsActive], [CreatedDate], [CreatedBy], [ParentLookupId]) VALUES (N'6f595168-8d55-4d84-aab4-eb614a360b39', N'5530d4d3-10e0-419a-b88c-f467fdd8307e', N'Nikaweratiya (නිකවෙරටිය)', 3, N'00000000-0000-0000-0000-000000000001', 1, CAST(N'2025-10-18T05:19:03.0319348' AS DateTime2), N'0fedac8f-6db9-4852-b2d8-9181c94f3bea', NULL)
GO
INSERT [dbo].[Lookups] ([Id], [LookupCategoryId], [Value], [Order], [TenantId], [IsActive], [CreatedDate], [CreatedBy], [ParentLookupId]) VALUES (N'07e3245c-fc54-458d-8e05-eca8c261bf2a', N'2adc9b4a-a290-4df2-a935-78df48ac316a', N'Cooperative / Society Owned (සහභාගි / සමාජ අයිතිය)', 5, N'00000000-0000-0000-0000-000000000001', 1, CAST(N'2025-10-18T05:31:36.8945018' AS DateTime2), N'0fedac8f-6db9-4852-b2d8-9181c94f3bea', NULL)
GO
INSERT [dbo].[Lookups] ([Id], [LookupCategoryId], [Value], [Order], [TenantId], [IsActive], [CreatedDate], [CreatedBy], [ParentLookupId]) VALUES (N'330eb4a8-a8fd-4093-8675-ed753a7852ee', N'2adc9b4a-a290-4df2-a935-78df48ac316a', N'Private Leasehold (පෞද්ගලික අරමුදල් අයිතිය)', 7, N'00000000-0000-0000-0000-000000000001', 1, CAST(N'2025-10-18T05:31:36.8993750' AS DateTime2), N'0fedac8f-6db9-4852-b2d8-9181c94f3bea', NULL)
GO
INSERT [dbo].[Lookups] ([Id], [LookupCategoryId], [Value], [Order], [TenantId], [IsActive], [CreatedDate], [CreatedBy], [ParentLookupId]) VALUES (N'beba8856-bb54-49be-9765-efc214a88d8c', N'2adc9b4a-a290-4df2-a935-78df48ac316a', N'Private Ownership (පෞද්ගලික අයිතිය)', 1, N'00000000-0000-0000-0000-000000000001', 1, CAST(N'2025-10-18T05:31:36.8835682' AS DateTime2), N'0fedac8f-6db9-4852-b2d8-9181c94f3bea', NULL)
GO
INSERT [dbo].[Lookups] ([Id], [LookupCategoryId], [Value], [Order], [TenantId], [IsActive], [CreatedDate], [CreatedBy], [ParentLookupId]) VALUES (N'54ea1c52-0305-436b-b9cf-f22039673207', N'2adc9b4a-a290-4df2-a935-78df48ac316a', N'Urban Council / Municipal Council Owned (නගර සභා / මහ නගර සභා අයිතිය)', 4, N'00000000-0000-0000-0000-000000000001', 1, CAST(N'2025-10-18T05:31:36.8920676' AS DateTime2), N'0fedac8f-6db9-4852-b2d8-9181c94f3bea', NULL)
GO
INSERT [dbo].[Lookups] ([Id], [LookupCategoryId], [Value], [Order], [TenantId], [IsActive], [CreatedDate], [CreatedBy], [ParentLookupId]) VALUES (N'591d3567-f9a4-4172-9735-f3f197848285', N'9a22cf2d-2d09-488f-a12f-c2a8c72da1a1', N'Mixed Residential & Commercial (මිශ්‍රිත නිවාස හා වණිජ කලාපය)', 10, N'00000000-0000-0000-0000-000000000001', 1, CAST(N'2025-10-18T05:22:44.9874325' AS DateTime2), N'0fedac8f-6db9-4852-b2d8-9181c94f3bea', NULL)
GO
INSERT [dbo].[Lookups] ([Id], [LookupCategoryId], [Value], [Order], [TenantId], [IsActive], [CreatedDate], [CreatedBy], [ParentLookupId]) VALUES (N'26b16ec2-239c-4a00-84cf-f414961fdedb', N'9a22cf2d-2d09-488f-a12f-c2a8c72da1a1', N'Commercial – Mixed Use (වණිජ – මිශ්‍ර භාවිතය)', 4, N'00000000-0000-0000-0000-000000000001', 1, CAST(N'2025-10-18T05:22:44.9650950' AS DateTime2), N'0fedac8f-6db9-4852-b2d8-9181c94f3bea', NULL)
GO
INSERT [dbo].[Lookups] ([Id], [LookupCategoryId], [Value], [Order], [TenantId], [IsActive], [CreatedDate], [CreatedBy], [ParentLookupId]) VALUES (N'e7ea427b-78cf-4fff-9596-f5eae3cd5eba', N'9a22cf2d-2d09-488f-a12f-c2a8c72da1a1', N'Recreational / Park (විනෝදාත්මක / උද්‍යානය)', 9, N'00000000-0000-0000-0000-000000000001', 1, CAST(N'2025-10-18T05:22:44.9841389' AS DateTime2), N'0fedac8f-6db9-4852-b2d8-9181c94f3bea', NULL)
GO
INSERT [dbo].[Lookups] ([Id], [LookupCategoryId], [Value], [Order], [TenantId], [IsActive], [CreatedDate], [CreatedBy], [ParentLookupId]) VALUES (N'7c464fe2-d6fc-4f5f-90e6-f728aebb173d', N'2adc9b4a-a290-4df2-a935-78df48ac316a', N'Community / Village Land (ප්‍රජා / ගම් භූමිය)', 8, N'00000000-0000-0000-0000-000000000001', 1, CAST(N'2025-10-18T05:31:36.9018223' AS DateTime2), N'0fedac8f-6db9-4852-b2d8-9181c94f3bea', NULL)
GO
INSERT [dbo].[Lookups] ([Id], [LookupCategoryId], [Value], [Order], [TenantId], [IsActive], [CreatedDate], [CreatedBy], [ParentLookupId]) VALUES (N'd3933cce-2b0b-4130-b752-f7f29f8c2781', N'8aa6aa1d-878a-42db-81eb-1e9e906cfc78', N'Sabaragamuwa Province (සබරගමුව පළාත)', 9, N'00000000-0000-0000-0000-000000000001', 1, CAST(N'2025-10-30T09:27:58.8440136' AS DateTime2), N'df084cc7-9aa1-436c-b8ba-768a22b2dbcb', NULL)
GO
INSERT [dbo].[Lookups] ([Id], [LookupCategoryId], [Value], [Order], [TenantId], [IsActive], [CreatedDate], [CreatedBy], [ParentLookupId]) VALUES (N'8570019c-654f-4bae-83b0-fa0851a7bfcd', N'a6258045-6e56-42e6-9fbb-4d56ebfb5c21', N'Polonnaruwa District (පොළොන්නරුව දිස්ත්‍රික්කය)', 21, N'00000000-0000-0000-0000-000000000001', 1, CAST(N'2025-10-31T07:43:07.7473256' AS DateTime2), N'df084cc7-9aa1-436c-b8ba-768a22b2dbcb', N'eacbecec-a691-4fe4-8ded-eb02b6d5f292')
GO
INSERT [dbo].[Lookups] ([Id], [LookupCategoryId], [Value], [Order], [TenantId], [IsActive], [CreatedDate], [CreatedBy], [ParentLookupId]) VALUES (N'628ec342-69cb-4133-a37d-fa7c74ca7cc8', N'731ad210-b4f4-40bb-9f84-0a80d400fcfc', N'Department of Irrigation (සිංචන දෙපාර්තමේන්තුව)', 15, N'00000000-0000-0000-0000-000000000001', 1, CAST(N'2025-10-23T03:25:45.0416627' AS DateTime2), N'0fedac8f-6db9-4852-b2d8-9181c94f3bea', NULL)
GO
INSERT [dbo].[Lookups] ([Id], [LookupCategoryId], [Value], [Order], [TenantId], [IsActive], [CreatedDate], [CreatedBy], [ParentLookupId]) VALUES (N'd912c939-d10d-4167-b5a3-fb802b4fbfda', N'5530d4d3-10e0-419a-b88c-f467fdd8307e', N'Galgamuwa (ගල්ගමුව)', 7, N'00000000-0000-0000-0000-000000000001', 1, CAST(N'2025-10-18T05:19:03.0418566' AS DateTime2), N'0fedac8f-6db9-4852-b2d8-9181c94f3bea', NULL)
GO
INSERT [dbo].[Lookups] ([Id], [LookupCategoryId], [Value], [Order], [TenantId], [IsActive], [CreatedDate], [CreatedBy], [ParentLookupId]) VALUES (N'e0cd9741-7754-4eeb-a944-fb84f89cb9bd', N'57a9c82e-dd1b-4cdc-9522-2953bf2644bb', N'Site Plan (ස්ථල සැලැස්ම)', 1, N'00000000-0000-0000-0000-000000000001', 1, CAST(N'2025-11-13T02:23:56.3230520' AS DateTime2), N'df084cc7-9aa1-436c-b8ba-768a22b2dbcb', NULL)
GO
INSERT [dbo].[Lookups] ([Id], [LookupCategoryId], [Value], [Order], [TenantId], [IsActive], [CreatedDate], [CreatedBy], [ParentLookupId]) VALUES (N'a6e8c3b1-ec96-418f-81dd-fd2e4f1be3e7', N'a6258045-6e56-42e6-9fbb-4d56ebfb5c21', N'Mannar District (මන්නාරම දිස්ත්‍රික්කය)', 12, N'00000000-0000-0000-0000-000000000001', 1, CAST(N'2025-10-31T07:43:07.7018678' AS DateTime2), N'df084cc7-9aa1-436c-b8ba-768a22b2dbcb', N'e82aabed-8ac3-42ad-94d8-5db181fb14d1')
GO
INSERT [dbo].[Modules] ([Id], [Name], [Code], [Description], [IconCssClass], [DisplayOrder], [IsCoreModule], [ParentModuleId]) VALUES (N'd0454e72-0cb8-462e-83e8-038db01613d8', N'User & Role Management', N'USER_MGMT', N'Manage user roles, access permissions, and officers', N'fas fa-user-shield', 7, 1, NULL)
GO
INSERT [dbo].[Modules] ([Id], [Name], [Code], [Description], [IconCssClass], [DisplayOrder], [IsCoreModule], [ParentModuleId]) VALUES (N'bf3c836b-8090-4494-af97-0608b10cbd6a', N'Permit Issuance', N'BLD_PLAN_PERMIT', N'Generate and manage construction and development permits', N'fas fa-file-signature', 4, 0, N'5877b901-83a2-4525-9b7f-a4e01b87caee')
GO
INSERT [dbo].[Modules] ([Id], [Name], [Code], [Description], [IconCssClass], [DisplayOrder], [IsCoreModule], [ParentModuleId]) VALUES (N'4450cbd0-6bff-48bc-8508-078b93c2d3a9', N'Citizen Portal', N'CITIZEN', N'Public portal for tracking applications and payments', N'fas fa-users', 5, 0, NULL)
GO
INSERT [dbo].[Modules] ([Id], [Name], [Code], [Description], [IconCssClass], [DisplayOrder], [IsCoreModule], [ParentModuleId]) VALUES (N'a06e593f-54e6-40f3-bf24-2928454dc8e8', N'Property & Land Records', N'PROPERTY', N'Maintain property details, ownership, and zoning information', N'fas fa-home', 3, 1, NULL)
GO
INSERT [dbo].[Modules] ([Id], [Name], [Code], [Description], [IconCssClass], [DisplayOrder], [IsCoreModule], [ParentModuleId]) VALUES (N'88e1e661-82c9-4921-8806-30619daa212b', N'Inspections & Site Visits', N'BLD_PLAN_INSPECTION', N'Manage pre-approval and post-construction inspections', N'fas fa-search-location', 3, 0, N'5877b901-83a2-4525-9b7f-a4e01b87caee')
GO
INSERT [dbo].[Modules] ([Id], [Name], [Code], [Description], [IconCssClass], [DisplayOrder], [IsCoreModule], [ParentModuleId]) VALUES (N'7e76d677-5e16-4cb0-9838-3d6c910ef72a', N'Occupancy Certificates', N'BLD_PLAN_OCCUPANCY', N'Issue certificates of conformity and occupancy approval', N'fas fa-certificate', 5, 0, N'5877b901-83a2-4525-9b7f-a4e01b87caee')
GO
INSERT [dbo].[Modules] ([Id], [Name], [Code], [Description], [IconCssClass], [DisplayOrder], [IsCoreModule], [ParentModuleId]) VALUES (N'ca3e71e7-43fc-4340-84c4-45c1d3290621', N'Infrastructure Services', N'INFRA', N'Water, drainage, road access, and utility clearances', N'fas fa-tools', 4, 0, NULL)
GO
INSERT [dbo].[Modules] ([Id], [Name], [Code], [Description], [IconCssClass], [DisplayOrder], [IsCoreModule], [ParentModuleId]) VALUES (N'04d4a513-0629-42d7-9c8d-674c4617451e', N'Building Plan Submissions', N'BLD_PLAN_SUBMIT', N'Online submission of building plans and required documents', N'fas fa-file-upload', 1, 0, N'5877b901-83a2-4525-9b7f-a4e01b87caee')
GO
INSERT [dbo].[Modules] ([Id], [Name], [Code], [Description], [IconCssClass], [DisplayOrder], [IsCoreModule], [ParentModuleId]) VALUES (N'adb6a92c-db67-48c8-808f-771260590b35', N'Technical Reviews', N'BLD_PLAN_REVIEW', N'Technical officer and engineer plan review workflow', N'fas fa-drafting-compass', 2, 0, N'5877b901-83a2-4525-9b7f-a4e01b87caee')
GO
INSERT [dbo].[Modules] ([Id], [Name], [Code], [Description], [IconCssClass], [DisplayOrder], [IsCoreModule], [ParentModuleId]) VALUES (N'5877b901-83a2-4525-9b7f-a4e01b87caee', N'Building & Planning', N'BLD_PLAN', N'Manage building plan submissions, reviews, and approvals', N'fas fa-building', 2, 1, NULL)
GO
INSERT [dbo].[Modules] ([Id], [Name], [Code], [Description], [IconCssClass], [DisplayOrder], [IsCoreModule], [ParentModuleId]) VALUES (N'42a83828-5fad-4faa-8838-d39127aa2911', N'Reports & Analytics', N'REPORTS', N'Reports, dashboards, and analytics for building approvals', N'fas fa-chart-line', 6, 0, NULL)
GO
INSERT [dbo].[Modules] ([Id], [Name], [Code], [Description], [IconCssClass], [DisplayOrder], [IsCoreModule], [ParentModuleId]) VALUES (N'4ccc65aa-d034-4995-af76-df3cac8b5f15', N'Administration', N'ADMIN', N'System administration, tenant management, and configurations', N'fas fa-cogs', 1, 1, NULL)
GO
INSERT [dbo].[Documents] ([Id], [BlobPath], [FileName], [FileExtension], [ContentType], [FileSize], [Description], [DocumentTypeId], [DocumentStatusId], [TenantId], [IsActive], [UploadedDate], [UploadedBy], [LastModifiedDate], [LastModifiedBy]) VALUES (N'67ca809b-b13a-444a-ad27-24fe6faca6fe', N'0fedac8f-6db9-4852-b2d8-9181c94f3bea/Documents/buildingandplanning/67ca809b-b13a-444a-ad27-24fe6faca6fe.png', N'Screenshot (2).png', N'.png', N'image/png', 497891, NULL, N'99944d0e-c13a-4f0b-a5ec-9bc67a635f17', NULL, N'0fedac8f-6db9-4852-b2d8-9181c94f3bea', 1, CAST(N'2025-10-18T13:51:34.2868490' AS DateTime2), NULL, NULL, NULL)
GO
INSERT [dbo].[Documents] ([Id], [BlobPath], [FileName], [FileExtension], [ContentType], [FileSize], [Description], [DocumentTypeId], [DocumentStatusId], [TenantId], [IsActive], [UploadedDate], [UploadedBy], [LastModifiedDate], [LastModifiedBy]) VALUES (N'cc06a027-1930-4d2c-9c6d-34cd5ecf1c94', N'0fedac8f-6db9-4852-b2d8-9181c94f3bea/Documents/buildingandplanning/cc06a027-1930-4d2c-9c6d-34cd5ecf1c94.png', N'Screenshot (1).png', N'.png', N'image/png', 709296, NULL, N'99944d0e-c13a-4f0b-a5ec-9bc67a635f17', NULL, N'0fedac8f-6db9-4852-b2d8-9181c94f3bea', 1, CAST(N'2025-10-18T14:47:51.6863912' AS DateTime2), NULL, NULL, NULL)
GO
INSERT [dbo].[Documents] ([Id], [BlobPath], [FileName], [FileExtension], [ContentType], [FileSize], [Description], [DocumentTypeId], [DocumentStatusId], [TenantId], [IsActive], [UploadedDate], [UploadedBy], [LastModifiedDate], [LastModifiedBy]) VALUES (N'be24eaa2-c20c-4ee8-9289-38c92093855a', N'0fedac8f-6db9-4852-b2d8-9181c94f3bea/Documents/buildingandplanning/be24eaa2-c20c-4ee8-9289-38c92093855a.png', N'Screenshot (1).png', N'.png', N'image/png', 709296, NULL, N'99944d0e-c13a-4f0b-a5ec-9bc67a635f17', NULL, N'0fedac8f-6db9-4852-b2d8-9181c94f3bea', 1, CAST(N'2025-10-18T18:44:53.9165299' AS DateTime2), NULL, NULL, NULL)
GO
INSERT [dbo].[Documents] ([Id], [BlobPath], [FileName], [FileExtension], [ContentType], [FileSize], [Description], [DocumentTypeId], [DocumentStatusId], [TenantId], [IsActive], [UploadedDate], [UploadedBy], [LastModifiedDate], [LastModifiedBy]) VALUES (N'76240304-cd4b-433d-be12-41a03a4e6191', N'0fedac8f-6db9-4852-b2d8-9181c94f3bea/Documents/buildingandplanning/76240304-cd4b-433d-be12-41a03a4e6191.png', N'Screenshot (2).png', N'.png', N'image/png', 497891, NULL, N'99944d0e-c13a-4f0b-a5ec-9bc67a635f17', NULL, N'0fedac8f-6db9-4852-b2d8-9181c94f3bea', 1, CAST(N'2025-10-18T18:44:54.1762649' AS DateTime2), NULL, NULL, NULL)
GO
INSERT [dbo].[Documents] ([Id], [BlobPath], [FileName], [FileExtension], [ContentType], [FileSize], [Description], [DocumentTypeId], [DocumentStatusId], [TenantId], [IsActive], [UploadedDate], [UploadedBy], [LastModifiedDate], [LastModifiedBy]) VALUES (N'3c3419bb-4c06-41bd-939e-5acb8c555baa', N'0fedac8f-6db9-4852-b2d8-9181c94f3bea/Documents/buildingandplanning/3c3419bb-4c06-41bd-939e-5acb8c555baa.png', N'Screenshot 2025-10-16 225507.png', N'.png', N'image/png', 4288, NULL, N'99944d0e-c13a-4f0b-a5ec-9bc67a635f17', NULL, N'0fedac8f-6db9-4852-b2d8-9181c94f3bea', 1, CAST(N'2025-10-18T13:51:33.0262802' AS DateTime2), NULL, NULL, NULL)
GO
INSERT [dbo].[Documents] ([Id], [BlobPath], [FileName], [FileExtension], [ContentType], [FileSize], [Description], [DocumentTypeId], [DocumentStatusId], [TenantId], [IsActive], [UploadedDate], [UploadedBy], [LastModifiedDate], [LastModifiedBy]) VALUES (N'aae5e249-9dd6-4265-889e-5cddee462fe3', N'0fedac8f-6db9-4852-b2d8-9181c94f3bea/Documents/buildingandplanning/aae5e249-9dd6-4265-889e-5cddee462fe3.png', N'Screenshot (2).png', N'.png', N'image/png', 497891, NULL, N'99944d0e-c13a-4f0b-a5ec-9bc67a635f17', NULL, N'0fedac8f-6db9-4852-b2d8-9181c94f3bea', 1, CAST(N'2025-10-18T14:25:33.1711075' AS DateTime2), NULL, NULL, NULL)
GO
INSERT [dbo].[Documents] ([Id], [BlobPath], [FileName], [FileExtension], [ContentType], [FileSize], [Description], [DocumentTypeId], [DocumentStatusId], [TenantId], [IsActive], [UploadedDate], [UploadedBy], [LastModifiedDate], [LastModifiedBy]) VALUES (N'f610d7cf-e389-478c-ab21-65e10bce0069', N'0fedac8f-6db9-4852-b2d8-9181c94f3bea/Documents/buildingandplanning/f610d7cf-e389-478c-ab21-65e10bce0069.png', N'Screenshot (1).png', N'.png', N'image/png', 709296, NULL, N'99944d0e-c13a-4f0b-a5ec-9bc67a635f17', NULL, N'0fedac8f-6db9-4852-b2d8-9181c94f3bea', 1, CAST(N'2025-10-18T06:51:09.0590521' AS DateTime2), NULL, NULL, NULL)
GO
INSERT [dbo].[Documents] ([Id], [BlobPath], [FileName], [FileExtension], [ContentType], [FileSize], [Description], [DocumentTypeId], [DocumentStatusId], [TenantId], [IsActive], [UploadedDate], [UploadedBy], [LastModifiedDate], [LastModifiedBy]) VALUES (N'd5970b44-8224-4184-aed1-7939aeb204e0', N'0fedac8f-6db9-4852-b2d8-9181c94f3bea/Documents/buildingandplanning/d5970b44-8224-4184-aed1-7939aeb204e0.png', N'Screenshot 2025-10-16 225507.png', N'.png', N'image/png', 4288, NULL, N'99944d0e-c13a-4f0b-a5ec-9bc67a635f17', NULL, N'0fedac8f-6db9-4852-b2d8-9181c94f3bea', 1, CAST(N'2025-10-18T14:25:31.8985551' AS DateTime2), NULL, NULL, NULL)
GO
INSERT [dbo].[Documents] ([Id], [BlobPath], [FileName], [FileExtension], [ContentType], [FileSize], [Description], [DocumentTypeId], [DocumentStatusId], [TenantId], [IsActive], [UploadedDate], [UploadedBy], [LastModifiedDate], [LastModifiedBy]) VALUES (N'613d4345-9aab-479b-af03-9b9716b40800', N'0fedac8f-6db9-4852-b2d8-9181c94f3bea/Documents/buildingandplanning/613d4345-9aab-479b-af03-9b9716b40800.png', N'Screenshot (2).png', N'.png', N'image/png', 497891, NULL, N'99944d0e-c13a-4f0b-a5ec-9bc67a635f17', NULL, N'0fedac8f-6db9-4852-b2d8-9181c94f3bea', 1, CAST(N'2025-10-18T14:47:49.8730272' AS DateTime2), NULL, NULL, NULL)
GO
INSERT [dbo].[Documents] ([Id], [BlobPath], [FileName], [FileExtension], [ContentType], [FileSize], [Description], [DocumentTypeId], [DocumentStatusId], [TenantId], [IsActive], [UploadedDate], [UploadedBy], [LastModifiedDate], [LastModifiedBy]) VALUES (N'4f5c4535-a39c-44a5-831f-9c709f665bd9', N'0fedac8f-6db9-4852-b2d8-9181c94f3bea/Documents/buildingandplanning/4f5c4535-a39c-44a5-831f-9c709f665bd9.png', N'Screenshot (1).png', N'.png', N'image/png', 709296, NULL, N'99944d0e-c13a-4f0b-a5ec-9bc67a635f17', NULL, N'0fedac8f-6db9-4852-b2d8-9181c94f3bea', 1, CAST(N'2025-10-18T14:25:33.7095433' AS DateTime2), NULL, NULL, NULL)
GO
INSERT [dbo].[Documents] ([Id], [BlobPath], [FileName], [FileExtension], [ContentType], [FileSize], [Description], [DocumentTypeId], [DocumentStatusId], [TenantId], [IsActive], [UploadedDate], [UploadedBy], [LastModifiedDate], [LastModifiedBy]) VALUES (N'afb7a8e4-16b1-4f25-8fd9-a137fddb2f3d', N'0fedac8f-6db9-4852-b2d8-9181c94f3bea/Documents/buildingandplanning/afb7a8e4-16b1-4f25-8fd9-a137fddb2f3d.png', N'Screenshot (1).png', N'.png', N'image/png', 709296, NULL, N'99944d0e-c13a-4f0b-a5ec-9bc67a635f17', NULL, N'0fedac8f-6db9-4852-b2d8-9181c94f3bea', 1, CAST(N'2025-10-18T13:51:34.3232216' AS DateTime2), NULL, NULL, NULL)
GO
INSERT [dbo].[Documents] ([Id], [BlobPath], [FileName], [FileExtension], [ContentType], [FileSize], [Description], [DocumentTypeId], [DocumentStatusId], [TenantId], [IsActive], [UploadedDate], [UploadedBy], [LastModifiedDate], [LastModifiedBy]) VALUES (N'df6c754b-61ec-4b4e-9db9-a61aa01ddd2d', N'0fedac8f-6db9-4852-b2d8-9181c94f3bea/Documents/buildingandplanning/df6c754b-61ec-4b4e-9db9-a61aa01ddd2d.png', N'Screenshot 2025-10-16 225507.png', N'.png', N'image/png', 4288, NULL, N'99944d0e-c13a-4f0b-a5ec-9bc67a635f17', NULL, N'0fedac8f-6db9-4852-b2d8-9181c94f3bea', 1, CAST(N'2025-10-18T18:44:52.4159997' AS DateTime2), NULL, NULL, NULL)
GO
INSERT [dbo].[Documents] ([Id], [BlobPath], [FileName], [FileExtension], [ContentType], [FileSize], [Description], [DocumentTypeId], [DocumentStatusId], [TenantId], [IsActive], [UploadedDate], [UploadedBy], [LastModifiedDate], [LastModifiedBy]) VALUES (N'5a5bb4f6-a696-4a88-9639-a9e58082aaf1', N'0fedac8f-6db9-4852-b2d8-9181c94f3bea/Documents/buildingandplanning/5a5bb4f6-a696-4a88-9639-a9e58082aaf1.png', N'Screenshot 2025-10-22 111148.png', N'.png', N'image/png', 198697, NULL, N'99944d0e-c13a-4f0b-a5ec-9bc67a635f17', NULL, N'0fedac8f-6db9-4852-b2d8-9181c94f3bea', 1, CAST(N'2025-10-27T12:07:32.4566627' AS DateTime2), NULL, NULL, NULL)
GO
INSERT [dbo].[Documents] ([Id], [BlobPath], [FileName], [FileExtension], [ContentType], [FileSize], [Description], [DocumentTypeId], [DocumentStatusId], [TenantId], [IsActive], [UploadedDate], [UploadedBy], [LastModifiedDate], [LastModifiedBy]) VALUES (N'ee515805-4c0e-47e4-a9c2-e2daecbf276c', N'0fedac8f-6db9-4852-b2d8-9181c94f3bea/Documents/buildingandplanning/ee515805-4c0e-47e4-a9c2-e2daecbf276c.png', N'Screenshot (2).png', N'.png', N'image/png', 497891, NULL, N'99944d0e-c13a-4f0b-a5ec-9bc67a635f17', NULL, N'0fedac8f-6db9-4852-b2d8-9181c94f3bea', 1, CAST(N'2025-10-18T15:01:28.0983600' AS DateTime2), NULL, NULL, NULL)
GO
INSERT [dbo].[Documents] ([Id], [BlobPath], [FileName], [FileExtension], [ContentType], [FileSize], [Description], [DocumentTypeId], [DocumentStatusId], [TenantId], [IsActive], [UploadedDate], [UploadedBy], [LastModifiedDate], [LastModifiedBy]) VALUES (N'8ec61f7e-798a-4157-8bb2-ea47c54058ac', N'0fedac8f-6db9-4852-b2d8-9181c94f3bea/Documents/buildingandplanning/8ec61f7e-798a-4157-8bb2-ea47c54058ac.png', N'Screenshot 2025-10-16 225507.png', N'.png', N'image/png', 4288, NULL, N'99944d0e-c13a-4f0b-a5ec-9bc67a635f17', NULL, N'0fedac8f-6db9-4852-b2d8-9181c94f3bea', 1, CAST(N'2025-10-18T06:51:06.4208805' AS DateTime2), NULL, NULL, NULL)
GO
INSERT [dbo].[Documents] ([Id], [BlobPath], [FileName], [FileExtension], [ContentType], [FileSize], [Description], [DocumentTypeId], [DocumentStatusId], [TenantId], [IsActive], [UploadedDate], [UploadedBy], [LastModifiedDate], [LastModifiedBy]) VALUES (N'b28adf7f-5842-4b98-bee6-ed8918d1ba0d', N'0fedac8f-6db9-4852-b2d8-9181c94f3bea/Documents/buildingandplanning/b28adf7f-5842-4b98-bee6-ed8918d1ba0d.png', N'Screenshot (2).png', N'.png', N'image/png', 497891, NULL, N'99944d0e-c13a-4f0b-a5ec-9bc67a635f17', NULL, N'0fedac8f-6db9-4852-b2d8-9181c94f3bea', 1, CAST(N'2025-10-18T06:51:08.7260675' AS DateTime2), NULL, NULL, NULL)
GO
INSERT [dbo].[DocumentLinks] ([Id], [DocumentId], [ModuleId], [EntityId], [LinkContext], [IsPrimary], [TenantId], [LinkedDate], [LinkedBy], [BuildingPlanApplicationId]) VALUES (N'0b966505-fc5a-497f-a06a-06b47ea15dda', N'3c3419bb-4c06-41bd-939e-5acb8c555baa', N'5877b901-83a2-4525-9b7f-a4e01b87caee', N'b87730c9-8d36-4a2a-9f56-77ec60ca07ed', N'Building and Planning', 0, N'0fedac8f-6db9-4852-b2d8-9181c94f3bea', CAST(N'2025-10-18T13:51:33.0639657' AS DateTime2), NULL, NULL)
GO
INSERT [dbo].[DocumentLinks] ([Id], [DocumentId], [ModuleId], [EntityId], [LinkContext], [IsPrimary], [TenantId], [LinkedDate], [LinkedBy], [BuildingPlanApplicationId]) VALUES (N'db13eaa4-a822-4a91-abb6-0c6a9fcae261', N'd5970b44-8224-4184-aed1-7939aeb204e0', N'5877b901-83a2-4525-9b7f-a4e01b87caee', N'7911d644-9e00-4c58-9f9e-443490a12512', N'Building and Planning', 0, N'0fedac8f-6db9-4852-b2d8-9181c94f3bea', CAST(N'2025-10-18T14:25:31.9339578' AS DateTime2), NULL, NULL)
GO
INSERT [dbo].[DocumentLinks] ([Id], [DocumentId], [ModuleId], [EntityId], [LinkContext], [IsPrimary], [TenantId], [LinkedDate], [LinkedBy], [BuildingPlanApplicationId]) VALUES (N'3477d072-3bfb-4fee-a2bd-14a90adf4fe3', N'5a5bb4f6-a696-4a88-9639-a9e58082aaf1', N'5877b901-83a2-4525-9b7f-a4e01b87caee', N'9bc1e3e3-c9ec-45b1-8319-914d4ce1ca9b', N'BuildingAndPlanning', 0, N'0fedac8f-6db9-4852-b2d8-9181c94f3bea', CAST(N'2025-10-27T12:07:32.4615747' AS DateTime2), NULL, NULL)
GO
INSERT [dbo].[DocumentLinks] ([Id], [DocumentId], [ModuleId], [EntityId], [LinkContext], [IsPrimary], [TenantId], [LinkedDate], [LinkedBy], [BuildingPlanApplicationId]) VALUES (N'46b88e11-0467-4706-a8f6-2897b2d95ecf', N'b28adf7f-5842-4b98-bee6-ed8918d1ba0d', N'5877b901-83a2-4525-9b7f-a4e01b87caee', N'b35dbca5-cdae-4b90-91cf-7724e6fd3b3d', N'Building and Planning', 0, N'0fedac8f-6db9-4852-b2d8-9181c94f3bea', CAST(N'2025-10-18T06:51:08.7265319' AS DateTime2), NULL, NULL)
GO
INSERT [dbo].[DocumentLinks] ([Id], [DocumentId], [ModuleId], [EntityId], [LinkContext], [IsPrimary], [TenantId], [LinkedDate], [LinkedBy], [BuildingPlanApplicationId]) VALUES (N'52e376dd-070a-4d64-9b62-2fbb1c1f876e', N'df6c754b-61ec-4b4e-9db9-a61aa01ddd2d', N'5877b901-83a2-4525-9b7f-a4e01b87caee', N'bd709747-ad5a-4166-860f-dea26fdf633d', N'Inspection', 0, N'0fedac8f-6db9-4852-b2d8-9181c94f3bea', CAST(N'2025-10-18T18:44:52.4611993' AS DateTime2), NULL, NULL)
GO
INSERT [dbo].[DocumentLinks] ([Id], [DocumentId], [ModuleId], [EntityId], [LinkContext], [IsPrimary], [TenantId], [LinkedDate], [LinkedBy], [BuildingPlanApplicationId]) VALUES (N'cf1a2001-e8d3-471d-8e10-3863bb4e769a', N'afb7a8e4-16b1-4f25-8fd9-a137fddb2f3d', N'5877b901-83a2-4525-9b7f-a4e01b87caee', N'b87730c9-8d36-4a2a-9f56-77ec60ca07ed', N'Building and Planning', 0, N'0fedac8f-6db9-4852-b2d8-9181c94f3bea', CAST(N'2025-10-18T13:51:34.3237316' AS DateTime2), NULL, NULL)
GO
INSERT [dbo].[DocumentLinks] ([Id], [DocumentId], [ModuleId], [EntityId], [LinkContext], [IsPrimary], [TenantId], [LinkedDate], [LinkedBy], [BuildingPlanApplicationId]) VALUES (N'42c7a23d-4bcc-474a-9048-3b80e03b1e41', N'613d4345-9aab-479b-af03-9b9716b40800', N'5877b901-83a2-4525-9b7f-a4e01b87caee', N'b18d5366-0f49-4f4b-bda8-83e7effe1eaa', N'Building and Planning', 0, N'0fedac8f-6db9-4852-b2d8-9181c94f3bea', CAST(N'2025-10-18T14:47:49.9030504' AS DateTime2), NULL, NULL)
GO
INSERT [dbo].[DocumentLinks] ([Id], [DocumentId], [ModuleId], [EntityId], [LinkContext], [IsPrimary], [TenantId], [LinkedDate], [LinkedBy], [BuildingPlanApplicationId]) VALUES (N'32106183-2046-41a0-ad57-487ccda7f3c3', N'4f5c4535-a39c-44a5-831f-9c709f665bd9', N'5877b901-83a2-4525-9b7f-a4e01b87caee', N'7911d644-9e00-4c58-9f9e-443490a12512', N'Building and Planning', 0, N'0fedac8f-6db9-4852-b2d8-9181c94f3bea', CAST(N'2025-10-18T14:25:33.7102228' AS DateTime2), NULL, NULL)
GO
INSERT [dbo].[DocumentLinks] ([Id], [DocumentId], [ModuleId], [EntityId], [LinkContext], [IsPrimary], [TenantId], [LinkedDate], [LinkedBy], [BuildingPlanApplicationId]) VALUES (N'4734060c-427e-4321-8164-5b605a11e502', N'8ec61f7e-798a-4157-8bb2-ea47c54058ac', N'5877b901-83a2-4525-9b7f-a4e01b87caee', N'b35dbca5-cdae-4b90-91cf-7724e6fd3b3d', N'Building and Planning', 0, N'0fedac8f-6db9-4852-b2d8-9181c94f3bea', CAST(N'2025-10-18T06:51:06.4451926' AS DateTime2), NULL, NULL)
GO
INSERT [dbo].[DocumentLinks] ([Id], [DocumentId], [ModuleId], [EntityId], [LinkContext], [IsPrimary], [TenantId], [LinkedDate], [LinkedBy], [BuildingPlanApplicationId]) VALUES (N'd6d87755-a305-4643-84c4-6cd5663171d0', N'76240304-cd4b-433d-be12-41a03a4e6191', N'5877b901-83a2-4525-9b7f-a4e01b87caee', N'bd709747-ad5a-4166-860f-dea26fdf633d', N'Inspection', 0, N'0fedac8f-6db9-4852-b2d8-9181c94f3bea', CAST(N'2025-10-18T18:44:54.1769836' AS DateTime2), NULL, NULL)
GO
INSERT [dbo].[DocumentLinks] ([Id], [DocumentId], [ModuleId], [EntityId], [LinkContext], [IsPrimary], [TenantId], [LinkedDate], [LinkedBy], [BuildingPlanApplicationId]) VALUES (N'b3ce8c4c-b5bb-41e2-8f36-7ce251d513a2', N'67ca809b-b13a-444a-ad27-24fe6faca6fe', N'5877b901-83a2-4525-9b7f-a4e01b87caee', N'b87730c9-8d36-4a2a-9f56-77ec60ca07ed', N'Building and Planning', 0, N'0fedac8f-6db9-4852-b2d8-9181c94f3bea', CAST(N'2025-10-18T13:51:34.2873453' AS DateTime2), NULL, NULL)
GO
INSERT [dbo].[DocumentLinks] ([Id], [DocumentId], [ModuleId], [EntityId], [LinkContext], [IsPrimary], [TenantId], [LinkedDate], [LinkedBy], [BuildingPlanApplicationId]) VALUES (N'3b087259-4bfc-479b-b484-aff35d22ee67', N'ee515805-4c0e-47e4-a9c2-e2daecbf276c', N'5877b901-83a2-4525-9b7f-a4e01b87caee', N'db4e82b4-6e25-49ac-b8bf-27f019da8c59', N'Building and Planning', 0, N'0fedac8f-6db9-4852-b2d8-9181c94f3bea', CAST(N'2025-10-18T15:01:28.1345065' AS DateTime2), NULL, NULL)
GO
INSERT [dbo].[DocumentLinks] ([Id], [DocumentId], [ModuleId], [EntityId], [LinkContext], [IsPrimary], [TenantId], [LinkedDate], [LinkedBy], [BuildingPlanApplicationId]) VALUES (N'3381152b-f3b3-4a95-976d-bd20b5b32722', N'cc06a027-1930-4d2c-9c6d-34cd5ecf1c94', N'5877b901-83a2-4525-9b7f-a4e01b87caee', N'b18d5366-0f49-4f4b-bda8-83e7effe1eaa', N'Building and Planning', 0, N'0fedac8f-6db9-4852-b2d8-9181c94f3bea', CAST(N'2025-10-18T14:47:51.6868750' AS DateTime2), NULL, NULL)
GO
INSERT [dbo].[DocumentLinks] ([Id], [DocumentId], [ModuleId], [EntityId], [LinkContext], [IsPrimary], [TenantId], [LinkedDate], [LinkedBy], [BuildingPlanApplicationId]) VALUES (N'a874aa61-af98-4775-9eba-c0fae7e7d85d', N'aae5e249-9dd6-4265-889e-5cddee462fe3', N'5877b901-83a2-4525-9b7f-a4e01b87caee', N'7911d644-9e00-4c58-9f9e-443490a12512', N'Building and Planning', 0, N'0fedac8f-6db9-4852-b2d8-9181c94f3bea', CAST(N'2025-10-18T14:25:33.1715831' AS DateTime2), NULL, NULL)
GO
INSERT [dbo].[DocumentLinks] ([Id], [DocumentId], [ModuleId], [EntityId], [LinkContext], [IsPrimary], [TenantId], [LinkedDate], [LinkedBy], [BuildingPlanApplicationId]) VALUES (N'bb86b414-3f01-4d0b-8ffa-c35f78f89c93', N'f610d7cf-e389-478c-ab21-65e10bce0069', N'5877b901-83a2-4525-9b7f-a4e01b87caee', N'b35dbca5-cdae-4b90-91cf-7724e6fd3b3d', N'Building and Planning', 0, N'0fedac8f-6db9-4852-b2d8-9181c94f3bea', CAST(N'2025-10-18T06:51:09.0600044' AS DateTime2), NULL, NULL)
GO
INSERT [dbo].[DocumentLinks] ([Id], [DocumentId], [ModuleId], [EntityId], [LinkContext], [IsPrimary], [TenantId], [LinkedDate], [LinkedBy], [BuildingPlanApplicationId]) VALUES (N'84abc693-a15d-451f-81d1-e688cdaf66c4', N'be24eaa2-c20c-4ee8-9289-38c92093855a', N'5877b901-83a2-4525-9b7f-a4e01b87caee', N'bd709747-ad5a-4166-860f-dea26fdf633d', N'BuildingAndPlanning', 0, N'0fedac8f-6db9-4852-b2d8-9181c94f3bea', CAST(N'2025-10-18T18:44:53.9169584' AS DateTime2), NULL, NULL)
GO
INSERT [dbo].[ClientConfigurations] ([Id], [TenantId], [ConfigKey], [ConfigJson], [LastUpdated]) VALUES (N'6e96c89d-2307-49e5-bac3-092fac068232', N'0fedac8f-6db9-4852-b2d8-9181c94f3bea', N'BuildingAndPlanFeatureId', N'{
    "Prefix": "BAP",
    "Parts": [
      { "Type": "Static", "Value": "BAP" },
    { "Type": "Separator", "Value": "-" },
      { "Type": "Year", "Format": "yyyy" },
      { "Type": "Separator", "Value": "-" },
      { "Type": "Sequence", "PadLength": 4 }
    ],
    "ResetPolicy": "Yearly",
    "Separator": "-"
  }', CAST(N'2025-10-18T14:50:04.6483156+00:00' AS DateTimeOffset))
GO
SET IDENTITY_INSERT [dbo].[FeatureIdAudit] ON 
GO
INSERT [dbo].[FeatureIdAudit] ([Id], [TenantId], [ConfigKey], [SequenceNumber], [Year], [GeneratedAt]) VALUES (1, N'0fedac8f-6db9-4852-b2d8-9181c94f3bea', N'BuildingAndPlanFeatureId', 1, N'2025', CAST(N'2025-10-18T14:48:03.0144664' AS DateTime2))
GO
INSERT [dbo].[FeatureIdAudit] ([Id], [TenantId], [ConfigKey], [SequenceNumber], [Year], [GeneratedAt]) VALUES (2, N'0fedac8f-6db9-4852-b2d8-9181c94f3bea', N'BuildingAndPlanFeatureId', 2, N'2025', CAST(N'2025-10-18T15:01:39.0179517' AS DateTime2))
GO
INSERT [dbo].[FeatureIdAudit] ([Id], [TenantId], [ConfigKey], [SequenceNumber], [Year], [GeneratedAt]) VALUES (3, N'0fedac8f-6db9-4852-b2d8-9181c94f3bea', N'BuildingAndPlanFeatureId', 3, N'2025', CAST(N'2025-10-18T18:45:17.9475164' AS DateTime2))
GO
INSERT [dbo].[FeatureIdAudit] ([Id], [TenantId], [ConfigKey], [SequenceNumber], [Year], [GeneratedAt]) VALUES (4, N'0fedac8f-6db9-4852-b2d8-9181c94f3bea', N'BuildingAndPlanFeatureId', 4, N'2025', CAST(N'2025-10-27T12:07:49.2841716' AS DateTime2))
GO
SET IDENTITY_INSERT [dbo].[FeatureIdAudit] OFF
GO
INSERT [dbo].[Tenants] ([TenantId], [Name], [Subdomain], [ContactEmail], [IsActive], [CreatedDate], [LastModifiedDate]) VALUES (N'45319738-7160-4774-93d8-256e85e5f81e', N'Matale Urban Council', N'matale', N'admin@matale.lk', 1, CAST(N'2025-10-17T04:39:42.9816590+00:00' AS DateTimeOffset), CAST(N'2025-10-17T04:39:42.9816602+00:00' AS DateTimeOffset))
GO
INSERT [dbo].[Tenants] ([TenantId], [Name], [Subdomain], [ContactEmail], [IsActive], [CreatedDate], [LastModifiedDate]) VALUES (N'bde2f8e2-dbf9-4696-a5da-4df0d3bd651d', N'Anuradhapura Municipal Council', N'anuradhapura', N'admin@anuradhapura.lk', 1, CAST(N'2025-10-17T04:39:48.4296782+00:00' AS DateTimeOffset), CAST(N'2025-10-17T04:39:48.4296791+00:00' AS DateTimeOffset))
GO
INSERT [dbo].[Tenants] ([TenantId], [Name], [Subdomain], [ContactEmail], [IsActive], [CreatedDate], [LastModifiedDate]) VALUES (N'0fedac8f-6db9-4852-b2d8-9181c94f3bea', N'Gagaawata Korale Urban Council', N'gagaawata', N'admin@gagaawata.lk', 1, CAST(N'2025-10-17T04:39:23.5534751+00:00' AS DateTimeOffset), CAST(N'2025-10-17T04:39:23.5535284+00:00' AS DateTimeOffset))
GO
INSERT [dbo].[Tenants] ([TenantId], [Name], [Subdomain], [ContactEmail], [IsActive], [CreatedDate], [LastModifiedDate]) VALUES (N'77e47be7-dd74-472f-9b29-ba3eb0fdf1cb', N'Kurunegala Municipal Council', N'kurunegala', N'admin@kurunegala.lk', 1, CAST(N'2025-10-17T04:39:33.6521117+00:00' AS DateTimeOffset), CAST(N'2025-10-17T04:39:33.6521128+00:00' AS DateTimeOffset))
GO
